PostDate,TweetText,ReplyCount,RetweetCount,LikeCount
2016-01-29T22:24:47.000Z,"16-081 Rentrak Corporation (""RENT"") Merger COMPLETED with comScore, Inc. (""SCOR""): 16-081 Rentrak Corporation ... http://bit.ly/1KLc79g",,,
2016-01-29T22:24:46.000Z,"16-081 Rentrak Corporation (""RENT"") Merger COMPLETED with comScore, Inc. (""SCOR"") http://bit.ly/1KLc79g via CBOE $$",,,
2016-01-29T22:02:06.000Z,Rentrak and comScore Shareholders Approve Merger http://ift.tt/1UvTxHE,,,
2016-01-29T21:34:51.000Z,Rentrak and comScore Shareholders Approve Merger http://bit.ly/1SprgDD,,,
2016-01-29T21:11:08.000Z,comScore-Rentrak Merger Approved by Shareholders | via Broadcasting & Cable http://buff.ly/1OV1kx9,,,
2016-01-29T20:41:44.000Z,"comScore, Rentrak Merger Approved By Shareholders: In separate meetings, the... http://bit.ly/1TqooXO 
@mp_joemandese",,,
2016-01-29T19:54:41.000Z,comScore and Rentrak Complete Merger | Broadcasting & Cable https://lnkd.in/ewPPc_5,,,
2016-01-29T19:52:04.000Z,comScore-Rentrak Merger Approved by Shareholders | Broadcasting & Cable: http://broadcastingcable.com/news/currency/comscore-rentrak-merger-approved-shareholders/147372#.VqvCvz8ZehM.twitter…,,,
2016-01-29T19:46:41.000Z,comScore and Rentrak Complete Merger | Broadcasting & Cable: http://broadcastingcable.com/news/currency/comscore-and-rentrak-complete-merger/147398#.VqvBg5-1Yas.twitter…,,,
2016-01-29T19:32:29.000Z,"#MarTech| Rentrak and comScore Shareholders Approve Merger - comScore Inc., an Internet analytics firm, and Ren... http://ow.ly/3aIPEx",,,
2016-01-29T19:31:23.000Z,#MarTech | Rentrak and comScore Shareholders Approve Merger http://ow.ly/3aIP1v,,,
2016-01-29T19:31:11.000Z,"comScore, Rentrak Merger Approved By Shareholders http://buff.ly/1SfZc7x #advertising",,,
2016-01-29T19:24:56.000Z,"comScore and Rentrak Complete Merger http://bit.ly/1QLKPGq via 
@bcbeat",,,
2016-01-29T19:16:32.000Z,"#MarTech | Rentrak and comScore Shareholders Approve Merger - comScore Inc., an Internet analytics firm, and Re... http://ow.ly/3aINSB",,,
2016-01-29T19:16:32.000Z,"MarTech | Rentrak and comScore Shareholders Approve Merger - comScore Inc., an Internet analytics firm, and Ren... http://ow.ly/3aINNz",,,
2016-01-29T19:01:42.000Z,"#MarTech Rentrak and comScore Shareholders Approve Merger - comScore Inc., an Internet analytics firm, and Rent... http://ow.ly/3aIM8u",,,
2016-01-29T19:00:55.000Z,via @MarTechAdvisor Rentrak and comScore Shareholders Approve Merger http://ow.ly/3aILHD,,,
2016-01-29T18:42:13.000Z,comScore and Rentrak complete their merger. Combined company starts trading Monday. http://bit.ly/1SOk6Ko,,,1
2016-01-29T18:41:06.000Z,"+ #analytics comScore comScore, Rentrak Merger Approved By Shareholders: http://cmsc.re/XF87C MediaPost",,,
2016-01-29T18:41:05.000Z,+ #analytics comScore RT bcbeat: .comScore and Rentrak Complete Merger: http://bit.ly/1SOk6Ko,,,
2016-01-29T18:40:32.000Z,"comScore, Rentrak Merger Approved By Shareholders: http://cmsc.re/XF87C 
@MediaPost",,10,8
2016-01-29T18:25:07.000Z,"@comScore
 and 
@Rentrak
 Complete Merger http://broadcastingcable.com/news/currency/comscore-and-rentrak-complete-merger/147398#.VquucDwU_xc.twitter…",,,
2016-01-29T18:22:12.000Z,comScore and Rentrak Complete Merger | Broadcasting & Cable https://lnkd.in/bThV5uv,,,
2016-01-29T18:19:39.000Z,comScore and Rentrak Complete Merger | Broadcasting & Cable: http://broadcastingcable.com/news/currency/comscore-and-rentrak-complete-merger/147398#.Vquscv_Uv9g.twitter…,,,
2016-01-29T18:03:13.000Z,".
@comScore
 and 
@Rentrak
 Complete Merger: http://bit.ly/1SOk6Ko",,16,3
2016-01-29T17:42:50.000Z,"FYI 
@QuirksMR
: Daily News Queue: Shareholders approve comScore, Rentrak merger #MRX http://conta.cc/1OUC3n0",,,
2016-01-29T17:30:37.000Z,"Daily News Queue: Shareholders approve comScore, Rentrak merger #MRX http://conta.cc/1OUC3n0",,,
2016-01-29T17:04:51.000Z,  Comscore CEO on Rentrak merger http://us.rd.yahoo.com/finance/news/rss/story/*http://finance.yahoo.com/video/comscore-ceo-rentrak-merger-162600253.html… YAHOO!,,1,
2016-01-29T16:08:39.000Z,"comScore, Rentrak merger approved by shareholders http://bit.ly/1SO6Khl",,,
2016-01-29T16:08:02.000Z,"comScore, Rentrak Merger Approved By Shareholders http://bit.ly/1TqooXO 
@mp_joemandese",,,
2016-01-29T15:45:30.000Z,comScore-Rentrak Merger Approved by Shareholders http://prn.to/1nSDhWU #portlandnews,,,
2016-01-29T15:38:34.000Z,comScore-Rentrak Merger Approved by Shareholders | Broadcasting & Cable: http://broadcastingcable.com/news/currency/comscore-rentrak-merger-approved-shareholders/147372#.VquIOGqlL5k.twitter…,,,
2016-01-29T15:10:31.000Z,"RT 
@tacohen
: “
@gfulgoni
: Big day! 
@comScore
 & 
@Rentrak
 merger okd by shareholders. http://yhoo.it/1Tqoz5m”. -Congrats !!!!!",,,1
2016-01-29T14:12:57.000Z,comScore-Rentrak Merger Approved by Shareholders | Broadcasting & Cable: http://broadcastingcable.com/news/currency/comscore-rentrak-merger-approved-shareholders/147372#.VqtzZvTuV9M.twitter…,,,
2016-01-29T11:31:38.000Z,"comScore, Rentrak Merger Approved By Shareholders http://bit.ly/1TqooXO",,,
2016-01-29T10:53:08.000Z,researchlive: Shareholders approve comScore-Rentrak merger https://research-live.com/article/news/shareholders-approve-comscorerentrak-merger/id/5002152… #mrx #marketresearch,,,
2016-01-29T10:53:02.000Z,researchlive: Shareholders approve comScore-Rentrak merger https://research-live.com/article/news/shareholders-approve-comscorerentrak-merger/id/5002152… #mrx #marketresearch #azimonstudy,,,
2016-01-29T10:50:09.000Z,Shareholders approve comScore-Rentrak merger https://research-live.com/article/news/shareholders-approve-comscorerentrak-merger/id/5002152… #mrx #marketresearch,,,
2016-01-29T06:50:27.000Z,United States | comScore-Rentrak merger approved by shareholders - Read more at: http://tvbizz.net,,,
2016-01-29T06:02:52.000Z,ComScore-Rentrak merger approved by shareholders - $SCOR and $RENT to watch today #mergers #MnA,,,
2016-01-29T01:05:11.000Z,"congrats 
@comScore
 & 
@Rentrak
 on the shareholder merger approval  http://bit.ly/1Pm1sHF",,,
2016-01-28T23:48:41.000Z,comScore-Rentrak Merger Approved by Shareholders | Broadcasting & Cable: http://broadcastingcable.com/news/currency/comscore-rentrak-merger-approved-shareholders/147372#.VqqoxAw3b8o.twitter…,,1,1
2016-01-28T23:28:17.000Z,"$RENT: Rentrak and ComScore (SCOR) shareholders approve merger, deal expected to close tomorrow http://bit.ly/1QI0R3X",,,
2016-01-28T23:18:13.000Z,"comScore, Rentrak Merger Approved By Shareholders - In separate meetings, the shareholders of comScore and Rent... http://ow.ly/3aGI95",,,
2016-01-28T23:07:18.000Z,"Replying to 
@gfulgoni“
@gfulgoni
: Big day! 
@comScore
 & 
@Rentrak
 merger okd by shareholders. http://yhoo.it/1Tqoz5m”. -Congrats !!!!!",,,
2016-01-28T23:00:46.000Z,comScore-Rentrak Merger Approved by Shareholders http://financialbuzz.com/comscore-rentrak-merger-approved-by-shareholders-395381…,,,
2016-01-28T22:50:38.000Z,RT GeoMktFan: RT geomarketing: RT gfulgoni: Big day! comScore & Rentrak merger okd by shareholders. Seems yesterda… http://yhoo.it/1Tqoz5m,,,
2016-01-28T22:36:11.000Z,RT geomarketing: RT gfulgoni: Big day! comScore & Rentrak merger okd by shareholders. Seems yesterday m_abraham & … http://yhoo.it/1Tqoz5m,,,
2016-01-28T22:32:04.000Z,"comScore, Rentrak Merger Approved By Shareholders: In separate meetings, the shareholders of... http://bit.ly/1TqooXO",,,
2016-01-28T22:32:03.000Z,"comScore, Rentrak Merger Approved By Shareholders: In separate meetings, the... http://bit.ly/1TqooXO 
@mp_joemandese",,5,2
2016-01-28T22:29:14.000Z,"Big day! 
@comScore
 & 
@Rentrak
 merger okd by shareholders. Seems yesterday 
@m_abraham
 & I started comScore 15 yrs ago http://yhoo.it/1Tqoz5m",1,7,7
2016-01-28T22:21:49.000Z,"comScore-Rentrak Merger Approved by Shareholders http://bit.ly/1PWm19O via 
@bcbeat",,,
2016-01-28T22:12:10.000Z,"RT 
@TVNewsCheck
: ComScore & Rentrak shareholders OK'd the companies' merger. Deal is expected to close tomorrow. http://shrd.by/EGZBNQ",,,
2016-01-28T22:11:34.000Z,ComScore & Rentrak shareholders OK'd the companies' merger. Deal is expected to close tomorrow. http://bit.ly/1ZX5pEd,,2,1
2016-01-28T22:09:49.000Z,comScore-Rentrak Merger Approved by Shareholders | Broadcasting & Cable: http://broadcastingcable.com/news/currency/comscore-rentrak-merger-approved-shareholders/147372#.VqqRzK0DMI0.twitter…,,,
2016-01-28T22:08:57.000Z,comScore-Rentrak Merger Approved by Shareholders http://prn.to/1P0FpTk,,,
2016-01-28T21:54:36.000Z,comScore-Rentrak Merger Approved by Shareholders | Broadcasting & Cable: http://broadcastingcable.com/news/currency/comscore-rentrak-merger-approved-shareholders/147372#.VqqNIHRZilA.twitter…,,,1
2016-01-28T21:54:01.000Z,"Rentrak, comScore shareholders vote to approve  merger http://multichannel.com/comscore-rentrak-merge/394173…",,,
2016-01-28T21:51:15.000Z,"Rentrak $RENT shareholders have voted to approve the merger with comScore $SCOR; deal is expected to close tomorrow, January 29, 2016",,,
2016-01-28T21:51:09.000Z,".
@comScore
-
@Rentrak
 Merger Approved by Shareholders: http://bit.ly/1PDDMKp",,4,
2016-01-28T21:49:21.000Z,"Shareholders approve 
@comScore
 / 
@Rentrak
 merger via 
@jlafayette
 http://broadcastingcable.com/news/currency/comscore-rentrak-merger-approved-shareholders/147372#.VqqMZdtDrHo.twitter…",,,
2016-01-28T21:36:36.000Z,"ComScore, Rentrak shareholders OK last merger votes; closing tomorrow http://seekingalpha.com/news/3063766-comscore-rentrak-shareholders-ok-last-merger-votes-closing-tomorrow?source=feed_f… $SCOR $RENT",,,
2016-01-28T21:32:17.000Z,"$RENT comScore-Rentrak Merger Approved by Shareholders
From our Stock News Alerts App",,,
2016-01-28T21:23:21.000Z,"$SCOR comScore-Rentrak Merger Approved by Shareholders
From our Stock News Alerts App",,,
2016-01-28T15:05:52.000Z,".
@comScore
 and 
@Rentrak
 shareholders voting on merger today",,,
2016-01-26T19:49:48.000Z,+ #analytics comScore RT Rentrak: The merger w/ comScore is taking place because the consumer is ready. – Bill Liv… https://pic.twitter.com/db042UkwPC,,,
2016-01-26T00:35:27.000Z,"16-071 Rentrak Corporation (""RENT"") Proposed Merger with comScore, Inc. (""SCOR""): 16-071 Rentrak Corporation (... http://bit.ly/1Qx1ux6",,,
2016-01-26T00:35:26.000Z,"16-071 Rentrak Corporation (""RENT"") Proposed Merger with comScore, Inc. (""SCOR"") http://bit.ly/1Qx1ux6 via CBOE $$",,1,
2016-01-19T15:03:26.000Z,comScore and Rentrak Merger Moves One Step Closer to Completion; Special Shareholder Meetings Scheduled http://bit.ly/1ZyCxln,,,
2016-01-16T15:09:33.000Z,#Nasdaq #stocks: Rentrak : #Merger #Acquisition Analysts conclude bare sales profits in Jan 2016. http://dg-di.co/DI/US2/12808.htm… #Merger,,,
2016-01-06T22:00:13.000Z,"I asked 
@Nielsen
 what they think about the ComScore/Rentrak merger and they said they're just focused on their own projects #CES2016",,,
2016-01-04T14:43:06.000Z,+ #analytics comScore RT researchlive: ComScore and Rentrak merger moves closer to completion http://bit.ly/1RbdkhE #marketresearch #mrx,,,
2016-01-04T14:26:53.000Z,researchlive: ComScore and Rentrak merger moves closer to completion http://bit.ly/1RbdkhE #marketresearch #mrx,,,
2016-01-04T14:18:22.000Z,researchlive: ComScore and Rentrak merger moves closer to completion http://bit.ly/1RbdkhE #marketresearch #mrx #azimonstudy,,,
2016-01-04T14:11:19.000Z,"ComScore and Rentrak merger moves closer to completion: Shareholder meetings for both companies have been... http://bit.ly/1kFc6fY #mrxComScore and Rentrak merger moves closer to completion | News
comScore and Rentrak have both scheduled shareholder meetings for January 28 in order to seek approval for the proposed merger.
research-live.com",,,
2016-01-04T14:11:19.000Z,ComScore and Rentrak merger moves closer to completion http://bit.ly/1RbdkhE #marketresearch #mrx,1,4,1
2015-12-31T04:52:54.000Z,"Media Measurement Firms ComScore, Rentrak Schedule Shareholder Votes on Merger http://manavigator.com/news/media-measurement-firms-comscore%2C-rentrak-schedule-shareholder-votes-on-merger…",,,
2015-12-30T19:26:07.000Z,comScore and Rentrak Merger Moves One Step Closer to Completion; Special Shareholder Meetings Scheduled http://bit.ly/1ZC4yub,,,
2015-12-30T17:48:35.000Z,comScore and Rentrak Merger Moves One Step Closer to Completion; Special Shareholder Meetings Scheduled http://bit.ly/1ZBVMwe,,,
2015-12-30T17:48:35.000Z,comScore and Rentrak Merger Moves One Step Closer to Completion; Special Shareholder Meetings Scheduled http://bit.ly/1QZy9fK,,,
2015-12-30T17:47:52.000Z,comScore and Rentrak Merger Moves One Step Closer to Completion; Special Shareholder Meetings Scheduled http://bit.ly/1QZy4sh,,,
2015-12-30T17:47:52.000Z,comScore and Rentrak Merger Moves One Step Closer to Completion; Special Shareholder Meetings Scheduled http://bit.ly/1ZBVIga,,,
2015-12-28T17:44:18.000Z,"Rentrak, comScore arrange shareholder meetings to discuss merger http://sbne.ws/r/tJnB",,,
2015-12-28T17:30:47.000Z,"Daily News Queue: ComScore, Rentrak schedule shareholder meetings for merger approval #MRX http://conta.cc/1R3yrAL",,,
2015-12-28T14:09:09.000Z,comScore and Rentrak Merger Moves One Step Closer to Completion,,,
2015-12-25T06:14:40.000Z,http://tinyurl.com/ozk9a5f comScore and Rentrak Merger Moves One Step Closer to Completion; Special Shareholder Meetings Scheduled,,,
2015-12-25T03:51:15.000Z,comScore and Rentrak Schedule Special Shareholder Meetings to Finalize Merger http://ift.tt/1OcY5lF,,,
2015-12-25T01:10:20.000Z,Rentrak shareholders to get their say on merger next month – Portland Business Journal http://thinclient.org/rentrak-shareholders-to-get-their-say-on-merger-next-month-portland-business-journal/…,,,
2015-12-25T00:43:03.000Z,Rentrak shareholders to get their say on merger next month http://dlvr.it/D5gS9M #PhillyBusiness,,,
2015-12-25T00:43:02.000Z,Rentrak shareholders to get their say on merger next month http://dlvr.it/D5gVPM #Marketing,,,
2015-12-25T00:24:09.000Z,Rentrak shareholders to get their say on merger next month: Shareholders of measuring companies Rentrak and… http://dlvr.it/D5gDcr,,,
2015-12-25T00:24:07.000Z,Rentrak shareholders to get their say on merger next month http://dlvr.it/D5gD3q #Portland,,1,
2015-12-24T20:58:14.000Z,"ComScore, Rentrak set Jan. 28 meetings to approve merger http://seekingalpha.com/news/3002906-comscore-rentrak-set-jan-28-meetings-to-approve-merger?source=feed_news_on_the_move…",,,
2015-12-24T19:15:46.000Z,Rentrak shareholders to get their say on merger next month - Shareholders of measuring companies Rentrak and co... http://htl.li/39p11K,,,
2015-12-24T19:15:33.000Z,Rentrak shareholders to get their say on merger next month: Shareholders of measuring companies Rentrak and… http://dlvr.it/D5bZRY,,,
2015-12-24T19:06:36.000Z,Rentrak shareholders to get their say on merger next month http://bit.ly/1VdtOo8 #Portland #news,,,
2015-12-24T18:46:46.000Z,Portland Business - Rentrak shareholders to get their say on merger next month http://ow.ly/39oYPp,,,
2015-12-24T18:45:32.000Z,Rentrak shareholders to get their say on merger next month http://bit.ly/1Vdq99Y #Portland #Oregon,,,
2015-12-24T18:45:06.000Z,Rentrak shareholders to get their say on merger next month: Shareholders of measuring companies Rentrak and… http://dlvr.it/D5b8vP,,,
2015-12-24T16:29:07.000Z,#analytics comScore and Rentrak Merger Edges Closer: Digital analytics firm comScore and multi-screen measurem... http://bit.ly/1QKhOeV,,,
2015-12-24T14:50:00.000Z,comScore and Rentrak Merger Edges Closer http://mrweb.com/drno/news21987.htm… #mrx #marketresearch,,,
2015-12-24T08:56:14.000Z,".
@comScore
 - 
@Rentrak
 merger moves one step closer to completion.

http://indiantelevision.com/television/tv-channels/viewership/comscore-rentrak-merger-moves-one-step-closer-to-completion-151224…

#TV #Business #News",,,
2015-12-23T23:50:53.000Z,$SCOR: ComScore and Rentrak (RENT) merger closing expected by the end of January http://bit.ly/1QMA4Ep,,,
2015-12-23T23:07:30.000Z,comScore and Rentrak Merger Moves One Step Closer to Completion; Special Shareholder Meetings Scheduled http://prn.to/1YyARNA,,,
2015-12-23T23:00:11.000Z,comScore and Rentrak Merger Moves One Step Closer to Completion; Special Shareholder Meetings Scheduled http://financialbuzz.com/comscore-and-rentrak-merger-moves-one-step-closer-to-completion-special-shareholder-meetings-scheduled-381434…,,,
2015-12-23T22:20:02.000Z,"ComScore, Rentrak set Jan. 28 meetings to approve merger http://bit.ly/1YyuGsT",,,
2015-12-23T22:12:11.000Z,comScore and Rentrak Merger Moves One Step Closer to Completion; Special Shareholder Meetings Scheduled http://dlvr.it/D5C58K,,,
2015-12-23T22:02:39.000Z,"RT https://twitter.com/DCBrief/status/679783439894052864… http://DCBrief.Com ComScore, Rentrak set Jan. 28 meetings to approve merger:  http://bit.ly/1Sczijk #s…Quote Tweet
DCBrief Bookstore
@DCBrief
 · Dec 23, 2015
http://DCBrief.Com ComScore, Rentrak set Jan. 28 meetings to approve merger:  http://bit.ly/1Sczijk #stocks #markets",,,
2015-12-23T22:01:11.000Z,"#FutureWorldNews ComScore, Rentrak set Jan. 28 meetings to approve merger http://ift.tt/1Irm4Nx Follow KevinFitts",,,
2015-12-23T21:59:36.000Z,"http://DCBrief.Com ComScore, Rentrak set Jan. 28 meetings to approve merger:  http://bit.ly/1Sczijk #stocks #markets",,,1
2015-12-23T21:54:59.000Z,"@comscore
 and 
@rentrak
 merger moves one step closer to completion  http://bit.ly/1ZpVp7X",,1,
2015-12-23T21:44:42.000Z,"ComScore, Rentrak set Jan. 28 meetings to approve merger http://puls.ly/_F11ig",,,
2015-12-23T21:31:47.000Z,"ComScore, Rentrak set Jan. 28 meetings to approve merger http://seekingalpha.com/news/3002906-comscore-rentrak-set-jan-28-meetings-to-approve-merger?source=feed_f… $SCOR $RENT",,,
2015-12-23T21:23:45.000Z,"$RENT comScore and Rentrak Merger Moves One Step Closer to Completion; Special Shareholder Meetings Scheduled
From our Stock News Alerts App",,,
2015-12-23T21:23:05.000Z,"$SCOR comScore and Rentrak Merger Moves One Step Closer to Completion; Special Shareholder Meetings Scheduled
From our Stock News Alerts App",,,
2015-12-23T21:05:20.000Z,Comscore/Rentrak shareholders to vote on merger Jan. 28: http://sec.gov/Archives/edgar/data/1158172/000119312515412781/d53131d424b3.htm…,,,1
2015-12-02T23:20:40.000Z,"Rentrak, comScore Merger Passes Antitrust Hurdle http://ow.ly/V2RhJ",,,
2015-11-30T21:40:23.000Z,"@Rentrak
 @comScore
 #merger passes #Antitrust hurdle http://homemediamagazine.com/financial/rentrak-comscore-merger-passes-antitrust-hurdle-37102?utm_source=homemedia&utm_medium=email&utm_campaign=breakingnews_11_24_2015&utm_content=rentrak-comscore-merger-passes-antitrust-hurdle-37102&mkt_tok=3RkMMJWWfF9wsRonvanOdO%2FhmjTEU5z17OklWaSzlMI%2F0ER3fOvrPUfGjI4ARctkMq%2BTFAwTG5toziV8R7LMKM1ty9MQWxTk…",,,
2015-11-30T20:13:52.000Z,"A Major Milestone Passes, Moving the comScore-Rentrak Merger Forward to Next Step  - via 
@comScore
 http://bit.ly/1Or3xlv",,,
2015-11-30T14:09:18.000Z,"A Major Milestone Passes, Moving the comScore-Rentrak Merger Forward to Next Step http://bit.ly/1YDazq9",,,
2015-11-30T12:16:41.000Z,"A Major Milestone Passes, Moving the comScore-Rentrak Merger Forward to Next Step http://bit.ly/1MPNQBM",,,
2015-11-27T13:46:08.000Z,COMSCORE-RENTRAK MERGER CLEARS US ANTITRUST HURDLE http://manavigator.com/news/-comscore_rentrak-merger-clears-us-antitrust-hurdle…,,,
2015-11-27T13:06:08.000Z,ComScore-Rentrak Merger Clears US Antitrust Hurdle http://manavigator.com/news/comscore_rentrak-merger-clears-us-antitrust-hurdle…,,,
2015-11-25T22:45:08.000Z,"A Major Milestone Passes, Moving the comScore-Rentrak Merger Forward to Next Step - comScore, Inc https://lnkd.in/emHAtbi",,,
2015-11-25T09:44:34.000Z,"http://tinyurl.com/owvrge9 A Major Milestone Passes, Moving the comScore-Rentrak Merger Forward to Next Step",,,
2015-11-24T21:20:14.000Z,"#Rentrak, #comScore Merger Passes #Antitrust Hurdle (
@HomeMediaMag
) - http://ow.ly/V2hPH #disc #HomeEntertainment",,,1
2015-11-24T20:34:03.000Z,"Rentrak, comScore deal passes first hurdle: The proposed merger between media measuring companies Rentrak and… http://dlvr.it/Cqkz1D",,,1
2015-11-24T20:18:06.000Z,"Rentrak, comScore deal passes first hurdle - The proposed merger between media measuring companies Rentrak and ... http://htl.li/38ixQ4",,,
2015-11-24T19:33:35.000Z,"Rentrak, comScore deal passes first hurdle: The proposed merger between media measuring companies Rentrak and… http://dlvr.it/Cqk97n",,,
2015-11-24T19:33:34.000Z,"Rentrak, comScore deal passes first hurdle: The proposed merger between media measuring companies Rentrak and… http://dlvr.it/CqkB1V",,,
2015-11-24T17:46:23.000Z,"The waiting period under Hart-Scott-Rodino related to the merger of Rentrak $RENT and comScore $SCOR expired on November 24, 2015",,,
2015-11-24T16:43:09.000Z,"Rentrak, comScore Merger Passes Antitrust Hurdle http://dlvr.it/Cqg8K1",,,
2015-11-24T16:40:41.000Z,"Rentrak, comScore Merger Passes Antitrust Hurdle: Rentrak and comScore Nov. 24 announced their proposed merger has… http://dlvr.it/Cqg81K",,,
2015-11-24T16:40:36.000Z,Rentrak and comScore Nov. 24 announced their proposed merger has passed the mandated waiting period for the… http://dlvr.it/Cqg7Z2,,,
2015-11-24T15:54:09.000Z,"A Major Milestone Passes, Moving the comScore-Rentrak Merger Forward to Next Step  - via 
@comScore
 http://bit.ly/1TcyZ6E",,,
2015-11-24T15:28:38.000Z,"A Major Milestone Passes, Moving the comScore-Rentrak Merger Forward to Next Step http://prn.to/1TcuusO",,,
2015-11-24T15:28:13.000Z,"A Major Milestone Passes, Moving the comScore-Rentrak Merger Forward to Next Step http://prn.to/1ShNk0Y  #IBanking",,,
2015-11-24T15:08:06.000Z,"A Major Milestone Passes, Moving the comScore-Rentrak Merger Forward to Next Step http://dlvr.it/CqdKPS",,,
2015-11-24T14:52:35.000Z,"A Major Milestone Passes, Moving the comScore-Rentrak Merger Forward to Next Step http://ift.tt/1I8jSKC",,,
2015-11-24T14:07:26.000Z,"$SCOR A Major Milestone Passes, Moving the comScore-Rentrak Merger Forward to Next Step
From our Stock News Alerts App",,,
2015-11-24T14:05:40.000Z,"$RENT A Major Milestone Passes, Moving the comScore-Rentrak Merger Forward to Next Step
From our Stock News Alerts App",,,
2015-11-23T21:50:55.000Z,"ComScore CEO 
@sergematta
 On What The Rentrak Merger Means
 http://ow.ly/UllO1",,,
2015-11-02T19:33:04.000Z,"The availability of one-on-one data for marketers, driven by the recent comScore/Rentrak merger, will... http://fb.me/49ojAydWT",,,
2015-10-30T19:14:38.000Z,"Listening: Behind comScore & Rentrak merger, Kantar, WPP. Twitter longer form tweets in works? (RBDR 10.1.15) #mrx http://youtu.be/0Gu2Y-Fuhtc",,,
2015-10-23T13:09:13.000Z,Media Industry Demonstrates Broad Support for the Announcement of a comScore and Rentrak Merger http://bit.ly/1Ma1L28,,1,
2015-10-23T09:31:22.000Z,Will the comScore Rentrak merger mean better media measurement?http://tinyurl.com/neg32ey #marketing #marketresearch,,,
2015-10-23T03:25:40.000Z,Tivo says that it will celebrate the merger of ratings companies comScore Inc. and Rentrak Corp. (Nasdaq: RENT) with…https://lnkd.in/edB575C,,,
2015-10-22T20:08:25.000Z,Media Industry Demonstrates Broad Support for the Announcement of a comScore and Rentrak Merger http://bit.ly/1KrJ7l9,,,
2015-10-22T18:36:35.000Z,With political campaigns here mixed with the merger of Rentrak and ComScore ,,,
2015-10-22T17:39:13.000Z,Media Industry Demonstrates Broad Support for the Announcement of a comScore and Rentrak Merger http://bit.ly/1PJdSZO,,,
2015-10-22T14:27:47.000Z,"Nielsen Boss Shrugs Off ComScore-Rentrak Merger: 'Good for Them' https://shar.es/1uKwgw via 
@TheWrap",,,
2015-10-22T11:54:22.000Z,"@Nielsen
 Boss Shrugs Off #ComScore-#Rentrak Merger: 'Good for Them' https://shar.es/1uKfN2 via 
@TheWrap",,,
2015-10-22T11:46:28.000Z,"Nielsen Boss Shrugs Off ComScore-Rentrak Merger: 'Good for Them' https://shar.es/1uKWRr via 
@TheWrap
 #Nielsen",,,1
2015-10-22T09:31:04.000Z,".
@Nielsen
 Boss Shrugs Off 
@ComScore
/
@Rentrak
 Merger: 'Good for Them'Nielsen Boss Shrugs Off ComScore-Rentrak Merger: 'Good for Them'
CEO Mitch Barns notes the challenges facing his company's suddenly larger competitor
thewrap.com",,1,
2015-10-21T23:23:19.000Z,"Two Words: ARROGANT TWIT ... Oops, I meant TWEET. ""Nielsen Boss Shrugs Off ComScore-Rentrak Merger: ‘Good for Them’"" http://thewrap.com/nielsen-ceo-mitch-barns-comscore-rentrak-merger-q3-earnings-total-audience-measurement-wpp/…",,,
2015-10-21T20:12:11.000Z,Nielsen Boss Shrugs Off ComScore-Rentrak Merger: &#039;Good for Them&#039; - TheWrap #merger http://dragplus.com/post/id/32399135…,,,
2015-10-21T20:08:25.000Z,Media Industry Demonstrates Broad Support for the Announcement of a comScore and Rentrak Merger http://bit.ly/1Nod6iy,,,
2015-10-21T17:28:48.000Z,Nielsen Boss Shrugs Off ComScore-Rentrak Merger: 'Good for Them' http://fb.me/4smI0qLLh,,,1
2015-10-21T15:21:30.000Z,Will the comScore Rentrak merger mean better media measurement? | Comment | Research http://research-live.com/4014033.article?utm_source=google&utm_medium=email&utm_campaign=research-live.com…,,,
2015-10-21T15:08:53.000Z,Nielsen Boss Shrugs Off ComScore-Rentrak Merger: 'Good for Them' - TheWrap http://twib.in/l/abboLenbznb,,,
2015-10-21T15:00:59.000Z,Nielsen Boss Shrugs Off ComScore-Rentrak Merger: ‘Good for Them’ http://ow.ly/35UHSC,,,
2015-10-21T14:34:38.000Z,Nielsen Boss Shrugs Off ComScore-Rentrak Merger: ‘Good for Them’ http://dlvr.it/CW53rw #hollywood,,,
2015-10-21T14:21:55.000Z,Nielsen Boss Shrugs Off ComScore-Rentrak Merger: ‘Good for Them’ http://bit.ly/1W5q1gJ #Hollywood #news,,,
2015-10-21T14:18:31.000Z,".
@Nielsen
 Boss Shrugs Off 
@ComScore
/
@Rentrak
 Merger: 'Good for Them' http://goo.gl/EL6hXL",,,2
2015-10-20T18:49:31.000Z,"Replying to 
@CableKent@CableKent
 background: GroupM parent WPP backed Rentrak-comScore merger.",,,
2015-10-20T17:03:57.000Z,Will the comScore Rentrak merger mean better media measurement? | Comment | Research https://lnkd.in/e6FdvDf,,,
2015-10-20T14:21:36.000Z,".
@eXelate
’s Eugene Becker says competition is welcome re 
@comScore
 / 
@Rentrak
 merger (eXelate is a 
@Nielsen
 co.) #AdvancedAd #NYCTVWK",,,
2015-10-20T13:31:50.000Z,".
@comScore
 - 
@Rentrak
 merger ""gives hope that something interesting could happen."" - Travis Howe of Invision. #AdvancedAd",,4,1
2015-10-19T11:41:34.000Z,researchlive: .IPA_Updates Belinda Beeftink's thoughts on Rentrak comScore merger #mrx http://research-live.com/opinion/will-the-comscore-rentrak-merger-mean-better-media-measurement?/4014033.article…,,,
2015-10-16T14:04:04.000Z,".
@MichaelWolffNYC
 on WildWest of TV Metrics, the 
@Rentrak
 @comScore
 merger & the NewWar on Nielsen: Smart 
@THR
 piece http://bit.ly/1VSLAM9",,2,
2015-10-14T21:15:57.000Z,http://tinyurl.com/o7z7gmb Media Industry Demonstrates Broad Support for the Announcement of a comScore and Rentrak Merger,,,
2015-10-14T15:20:32.000Z,"#Nielsen ups #mobile measurement to top European markets in midst of Rentrak/comScore merger http://buff.ly/1k1a9L4 via 
@TheDrum",,,
2015-10-13T19:56:01.000Z,"#Nielsen ups #mobilemeasurement to top European markets in midst of Rentrak/comScore merger - http://bit.ly/1L91Sxz via 
@TheDrum",,,
2015-10-13T09:23:05.000Z,"Nielsen ups mobile measurement to top European markets in midst of Rentrak/comScore merger http://thedrum.com/news/2015/10/12/another-step-forward-digital-accountability-nielsen-ups-mobile-measurement-top… via 
@TheDrum",,,
2015-10-13T07:05:06.000Z,Nielsen ups mobile measurement to top European markets in midst of Rentrak/comScore merger http://buff.ly/1WXV4Ik #mediaresearch,,,1
2015-10-12T17:40:39.000Z,"Rentrak And comScore To Merge Creating Broad Media Measurement Firm: 
Merger driven in part by mobile and chan... http://bit.ly/1NCaj8v",,,
2015-10-12T14:19:17.000Z,"Media Industry Demonstrates Broad Support for the Announcement of a comScore and Rentrak Merger - comScore, Inc http://bit.ly/1Zv1FfH",,,
2015-10-12T09:02:04.000Z,"A #WallStreet analyst says #Nielsen needn't worry about the 
@comScore
/
@Rentrak
 merger. RBDR: http://ow.ly/TdtoU",1,,
2015-10-12T09:02:04.000Z,"A #WallStreet analyst says #Nielsen needn't worry about the 
@comScore
/
@Rentrak
 merger. RBDR: http://ow.ly/TdtoU",,,
2015-10-12T09:02:03.000Z,"A #WallStreet analyst says #Nielsen needn't worry about the 
@comScore
/
@Rentrak
 merger. RBDR: http://ow.ly/TdtoU",,,
2015-10-12T06:35:15.000Z,"Benefits from 
@comScore
 - 
@Rentrak
 merger, say 
@WallStreet
 analysts: #TV coverage, Xmedia measurement. RBDR http://ow.ly/TdGa4",,,
2015-10-12T06:35:15.000Z,"Benefits from 
@comScore
 - 
@Rentrak
 merger, say 
@WallStreet
 analysts: #TV coverage, Xmedia measurement. RBDR http://ow.ly/TdGa7",,,
2015-10-12T06:35:15.000Z,"Benefits from 
@comScore
 - 
@Rentrak
 merger, say 
@WallStreet
 analysts: #TV coverage, Xmedia measurement. RBDR http://ow.ly/TdGaa",,,1
2015-10-11T15:02:10.000Z,"A #WallStreet analyst says #Nielsen needn't worry about the 
@comScore
/
@Rentrak
 merger. RBDR: http://ow.ly/TdsEn",,,
2015-10-11T15:02:10.000Z,"A #WallStreet analyst says #Nielsen needn't worry about the 
@comScore
/
@Rentrak
 merger. RBDR: http://ow.ly/TdsEs",,,
2015-10-11T15:02:10.000Z,"A #WallStreet analyst says #Nielsen needn't worry about the 
@comScore
/
@Rentrak
 merger. RBDR: http://ow.ly/TdsEl",,,
2015-10-11T13:35:22.000Z,"Benefits from 
@comScore
 - 
@Rentrak
 merger, say 
@WallStreet
 analysts: #TV coverage, Xmedia measurement. RBDR http://ow.ly/TdG6J",,1,
2015-10-11T13:35:22.000Z,"Benefits from 
@comScore
 - 
@Rentrak
 merger, say 
@WallStreet
 analysts: #TV coverage, Xmedia measurement. RBDR http://ow.ly/TdG6H",,,
2015-10-11T13:35:22.000Z,"Benefits from 
@comScore
 - 
@Rentrak
 merger, say 
@WallStreet
 analysts: #TV coverage, Xmedia measurement. RBDR http://ow.ly/TdG6K",,,
2015-10-10T19:23:46.000Z,Media Industry Demonstrates Broad Support for the Announcement of a comScore and Rentrak Merger http://feedproxy.google.com/~r/comscore/ipad/~3/ivw8Qc9a7Ow/Media-Industry-Demonstrates-Broad-Support-for-the-Announcement-of-a-comScore-and-Rentrak-Merger…,,,
2015-10-10T15:02:08.000Z,"A #WallStreet analyst says #Nielsen needn't worry about the 
@comScore
/
@Rentrak
 merger. RBDR: http://ow.ly/Tds9B",,,
2015-10-10T15:02:08.000Z,"A #WallStreet analyst says #Nielsen needn't worry about the 
@comScore
/
@Rentrak
 merger. RBDR: http://ow.ly/Tds9E",,,
2015-10-10T15:02:07.000Z,"A #WallStreet analyst says #Nielsen needn't worry about the 
@comScore
/
@Rentrak
 merger. RBDR: http://ow.ly/Tds9C",,,
2015-10-10T14:35:19.000Z,"Benefits from 
@comScore
 - 
@Rentrak
 merger, say 
@WallStreet
 analysts: #TV coverage, Xmedia measurement. RBDR http://ow.ly/TdG3l",,,
2015-10-10T14:35:19.000Z,"Benefits from 
@comScore
 - 
@Rentrak
 merger, say 
@WallStreet
 analysts: #TV coverage, Xmedia measurement. RBDR http://ow.ly/TdG3e",,,
2015-10-10T14:35:19.000Z,"Benefits from 
@comScore
 - 
@Rentrak
 merger, say 
@WallStreet
 analysts: #TV coverage, Xmedia measurement. RBDR http://ow.ly/TdG3h",,,
2015-10-09T22:01:10.000Z,"Benefits from 
@comScore
 - 
@Rentrak
 merger, say 
@WallStreet
 analysts: #TV coverage, Xmedia measurement. 10.9.15 RBDR http://ow.ly/TdFWc",,,
2015-10-09T22:01:10.000Z,"Benefits from 
@comScore
 - 
@Rentrak
 merger, say 
@WallStreet
 analysts: #TV coverage, Xmedia measurement. 10.9.15 RBDR http://ow.ly/TdFWh",,,
2015-10-09T22:01:10.000Z,"Benefits from 
@comScore
 - 
@Rentrak
 merger, say 
@WallStreet
 analysts: #TV coverage, Xmedia measurement. 10.9.15 RBDR http://ow.ly/TdFWe",,,
2015-10-09T19:01:18.000Z,"A #WallStreet analyst says #Nielsen needn't worry about the 
@comScore
/
@Rentrak
 merger. RBDR: http://ow.ly/TdxDT",,,
2015-10-09T19:01:18.000Z,"A #WallStreet analyst says #Nielsen needn't worry about the 
@comScore
/
@Rentrak
 merger. RBDR: http://ow.ly/TdxE3",,,
2015-10-09T19:01:18.000Z,"A #WallStreet analyst says #Nielsen needn't worry about the 
@comScore
/
@Rentrak
 merger. RBDR: http://ow.ly/TdxDX",,,
2015-10-09T18:30:42.000Z,"Benefits from 
@comScore
 - 
@Rentrak
 merger, say 
@WallStreet
 analysts: #TV coverage, Xmedia measurement. 10.9.15 RBDR http://ow.ly/TdFOQ",,,
2015-10-09T18:30:42.000Z,"Benefits from 
@comScore
 - 
@Rentrak
 merger, say 
@WallStreet
 analysts: #TV coverage, Xmedia measurement. 10.9.15 RBDR http://ow.ly/TdFOS",,,
2015-10-09T18:30:41.000Z,"Benefits from 
@comScore
 - 
@Rentrak
 merger, say 
@WallStreet
 analysts: #TV coverage, Xmedia measurement. 10.9.15 RBDR http://ow.ly/TdFOO",,,
2015-10-09T16:30:18.000Z,"Benefits from 
@comScore
 - 
@Rentrak
 merger, say 
@WallStreet
 analysts: #TV coverage, Xmedia measurement. 10.9.15 RBDR http://ow.ly/TdFaP",,,
2015-10-09T16:30:18.000Z,"Benefits from 
@comScore
 - 
@Rentrak
 merger, say 
@WallStreet
 analysts: #TV coverage, Xmedia measurement. 10.9.15 RBDR http://ow.ly/TdFaS",,,
2015-10-09T16:30:17.000Z,"Benefits from 
@comScore
 - 
@Rentrak
 merger, say 
@WallStreet
 analysts: #TV coverage, Xmedia measurement. 10.9.15 RBDR http://ow.ly/TdFaR",,,
2015-10-09T16:05:21.000Z,"Some #Wall Street analysts think very highly of 
@comScore
/
@Rentrak
 merger. 10.9.2015 RBDR: http://ow.ly/TdBQi @OppFunds",,,
2015-10-09T16:05:21.000Z,"Some #Wall Street analysts think very highly of 
@comScore
/
@Rentrak
 merger. 10.9.2015 RBDR: http://ow.ly/TdvWI @OppFunds",,,
2015-10-09T16:05:20.000Z,"Some #Wall Street analysts think very highly of 
@comScore
/
@Rentrak
 merger. 10.9.2015 RBDR: http://ow.ly/TdBQn @OppFunds",,,
2015-10-08T22:30:17.000Z,"In #US, #Media Industry Demonstrates Broad Support for the Announcement of a 
@comScore
 and 
@Rentrak
 #Merger http://ow.ly/TbNti #measure",,2,2
2015-10-08T16:41:13.000Z,"Media Industry Demonstrates Broad Support for the Announcement of a comScore and Rentrak Merger  - via 
@comScore
 http://bit.ly/1Zh6HfB",,,
2015-10-08T16:28:25.000Z,Media Industry Demonstrates Broad Support for the Announcement of a comScore and Rentrak Merger http://bit.ly/1OnSSZb,,3,4
2015-10-08T15:52:08.000Z,Media Industry Demonstrates Broad Support for the Announcement of a comScore and Rentrak Merger http://bit.ly/1OnQAcx,,,
2015-10-08T15:52:08.000Z,Media Industry Demonstrates Broad Support for the Announcement of a comScore and Rentrak Merger http://bit.ly/1hszImB,,,
2015-10-08T15:29:36.000Z,"$RENT Media Industry Demonstrates Broad Support for the Announcement of a comScore and Rentrak Merger
From our Stock News Alerts App",,,
2015-10-08T14:24:42.000Z,"ORLY
Media Industry Demonstrates Broad Support for the Announcement of a comScore and Rentrak Merger http://prn.to/1VGEKi2 $SCOR $RENTMedia Industry Demonstrates Broad Support for the Announcement of a comScore and Rentrak Merger
/PRNewswire/ -- comScore, Inc. (NASDAQ: SCOR) and Rentrak Corporation (NASDAQ: RENT) today announced that clients and the media industry are demonstrating...
prnewswire.com",,,
2015-10-08T13:48:30.000Z,"Media Industry Demonstrates Broad Support for the Announcement of a comScore and Rentrak Merger  - via 
@comScoreMedia Industry Demonstrates Broad Support for the Announcement of a Comscore and Rentrak Merger
Comscore, Inc. (NASDAQ: SCOR) and Rentrak Corporation (NASDAQ: RENT) today announced that clients and the media industry are demonstrating broad support for the announcement of the merger of Comscore...
comscore.com",,,1
2015-10-08T13:33:22.000Z,"Media Industry Demonstrates Broad Support for the Announcement of a comScore and Rentrak Merger  - via 
@comScore
 http://bit.ly/1NpHXOF",,,
2015-10-08T13:31:29.000Z,Media Industry Demonstrates Broad Support for the Announcement of a comScore and Rentrak Merger http://bit.ly/1hsl0Mj,,,
2015-10-08T13:29:57.000Z,Media Industry Demonstrates Broad Support for the Announcement of a comScore and Rentrak Merger http://bit.ly/1OnGVTy,,,
2015-10-08T13:19:15.000Z,"Media Industry Demonstrates Broad Support for the Announcement of a comScore and 
@Rentrak
 Merger. Read more: http://cmsc.re/TaoiK",,4,1
2015-10-08T13:15:39.000Z,Media Industry Demonstrates Broad Support for the Announcement of a comScore and Rentrak Merger http://netvib.es/p/D9pH,,,
2015-10-08T13:06:36.000Z,"$SCOR Media Industry Demonstrates Broad Support for the Announcement of a comScore and Rentrak Merger
From our Stock News Alerts App",,,
2015-10-07T16:33:23.000Z,"RT ACA_tweets .comScore & Rentrak merger: together they will bring #digital & #TV measurement, via Marketing_Mag http://ow.ly/T7GAa",,,
2015-10-07T16:30:28.000Z,".
@comScore
 & 
@Rentrak
 merger: together they will bring #digital & #TV measurement, via 
@Marketing_Mag
 http://ow.ly/T7GAa",,,
2015-10-07T15:12:56.000Z,"Beet Video: 
@comScore
 + 
@Rentrak
 Merger “Nice,” But Won’t Replace 
@Nielsen
, 
@TeamMediaocean
 ’s 
@billwise
 http://beet.tv/2015/10/bill-wise.html#.VhU17yZt-sE.twitter…",,2,2
2015-10-06T11:48:05.000Z,ComScore and Rentrak Strike Merger Deal,,,
2015-10-06T09:01:44.000Z,"A #WallStreet analyst says #Nielsen needn't worry about the 
@comScore
/
@Rentrak
 merger. See why on 
@RBDRfromRFL
: http://ow.ly/T28Fu",,,
2015-10-06T07:01:32.000Z,"Should 
@Nielsen
 be worried about the 
@comScore
/
@Rentrak
 merger? A key #WallStreet analyst says ""no,"" details in 
@RBDRfromRFL
...",,,
2015-10-06T05:10:02.000Z,Rentrak - comScore merger may be game changer in cross platform measurement http://broadcastingcable.com/news/currency/rentrak-comscore-combo-turns-heat-nielsen/144688… #media #content,1,1,
2015-10-06T04:30:50.000Z,"A #WallStreet analyst says #Nielsen needn't worry about the 
@comScore
/
@Rentrak
 merger. See why on 
@RBDRfromRFL
: http://ow.ly/T28BG",,,
2015-10-06T04:30:50.000Z,"A #WallStreet analyst says #Nielsen needn't worry about the 
@comScore
/
@Rentrak
 merger. See why on 
@RBDRfromRFL
: http://ow.ly/T28BD",,,
2015-10-06T04:30:50.000Z,"A #WallStreet analyst says #Nielsen needn't worry about the 
@comScore
/
@Rentrak
 merger. See why on 
@RBDRfromRFL
: http://ow.ly/T28BA",,,
2015-10-06T01:30:53.000Z,"A #WallStreet analyst says #Nielsen needn't worry about the 
@comScore
/
@Rentrak
 merger. See why on 
@RBDRfromRFL
: http://ow.ly/T28yD",,,
2015-10-05T22:30:55.000Z,"A #WallStreet analyst says #Nielsen needn't worry about the 
@comScore
/
@Rentrak
 merger. See why on 
@RBDRfromRFL
: http://ow.ly/T28u3",,,
2015-10-05T22:30:54.000Z,"A #WallStreet analyst says #Nielsen needn't worry about the 
@comScore
/
@Rentrak
 merger. See why on 
@RBDRfromRFL
: http://ow.ly/T28tF",,,
2015-10-05T22:30:54.000Z,"A #WallStreet analyst says #Nielsen needn't worry about the 
@comScore
/
@Rentrak
 merger. See why on 
@RBDRfromRFL
: http://ow.ly/T28u1",,,
2015-10-05T19:30:50.000Z,"A #WallStreet analyst says #Nielsen needn't worry about the 
@comScore
/
@Rentrak
 merger. See why on 
@RBDRfromRFL
: http://ow.ly/T28oH",,,
2015-10-05T19:30:49.000Z,"A #WallStreet analyst says #Nielsen needn't worry about the 
@comScore
/
@Rentrak
 merger. See why on 
@RBDRfromRFL
: http://ow.ly/T28oG",,1,
2015-10-05T19:30:49.000Z,"A #WallStreet analyst says #Nielsen needn't worry about the 
@comScore
/
@Rentrak
 merger. See why on 
@RBDRfromRFL
: http://ow.ly/T28oE",,,
2015-10-05T19:22:47.000Z,"As media execs celebrate 
@rentrak
 @comscore
 merger, they should never forget what they did with Gail Metzger and his SMART initiative.",,,
2015-10-05T17:31:36.000Z,"ComScore’s CEO On What The Rentrak Merger Means http://adexchanger.com/ad-exchange-news/comscores-ceo-on-what-the-rentrak-merger-means/… 
@AdExchanger",,,
2015-10-05T17:30:35.000Z,"Should 
@Nielsen
 be worried about the 
@comScore
/
@Rentrak
 merger? A key #WallStreet analyst says ""no,"" details in 
@RBDRfromRFL
...",,,
2015-10-05T15:54:23.000Z,Media buyers happy to have comScore Rentrak merger as a counter to Nielsen monopoly http://on.wsj.com/1L1IDDT,,1,2
2015-10-05T15:50:07.000Z,"@Rentrak
  and Comscore merger...  https://comscore.com/Insights/Blog/comScore-and-Rentrak-to-Merge…",,,
2015-10-05T15:37:33.000Z,#Rentrak and #Comscore merger may be a defining moment for the TV advertising business as its migrating off legacy measurement currencies,,,
2015-10-05T13:05:51.000Z,". 
@NYTimes
: “ComScore and Rentrak Strike Merger Deal” including comment from 
@katesirkin
 http://nytimes.com/2015/09/30/business/media/comscore-and-rentrak-strike-merger-deal.html?partner=rss&_r=1&emc=rss…",,,
2015-10-05T13:05:08.000Z,"Spoke with 
@VranicaWSJ
 about the ComScore-Rentrak merger. http://wsj.com/articles/media-industry-welcomes-comscore-rentrak-deal-1443817114…",,,
2015-10-05T12:38:19.000Z,ComScore’s CEO On What The Rentrak Merger Means https://lnkd.in/esxJqkg,,,
2015-10-05T10:36:50.000Z,"Beet Video:  Irwin Gotlieb on 
@comScore
 + 
@Rentrak
 Merger: “It’s Time for an Alternative Approach” http://beet.tv/2015/10/rentrak-2.html#.VhJSg8oxbH8.twitter…",,,
2015-10-05T06:50:25.000Z,"Merger between 
@comScore
 & 
@Rentrak
 needs to take into account 2 other #MRx behemoths. RBDR http://ow.ly/SXjxG 
@Kantar
 @Nielsen",,,
2015-10-05T06:50:25.000Z,"Merger between 
@comScore
 & 
@Rentrak
 needs to take into account 2 other #MRx behemoths. RBDR http://ow.ly/SXjxB 
@Kantar
 @Nielsen",,,
2015-10-05T06:50:25.000Z,"Merger between 
@comScore
 & 
@Rentrak
 needs to take into account 2 other #MRx behemoths. RBDR http://ow.ly/SXjxE 
@Kantar
 @Nielsen",,,
2015-10-04T18:59:01.000Z,"Reston-based 
@comScore
 and digital media measurement & research company 
@Rentrak
 will combine operations in merger http://bizj.us/1jgc1s",,,
2015-10-04T13:20:22.000Z,Irwin Gotlieb on comScore + Rentrak Merger: “It’s Time for an Alternative Approach” | http://Beet.TV: http://beet.tv/2015/10/rentrak-2.html#.VhEnjjWyGg8.twitter…,,,
2015-10-04T12:31:07.000Z,"Merger between 
@comScore
 & 
@Rentrak
 needs to take into account 2 other #MRx behemoths. 10.1.15 RBDR http://ow.ly/SXjtW 
@Kantar
 @Nielsen",,,
2015-10-04T12:31:07.000Z,"Merger between 
@comScore
 & 
@Rentrak
 needs to take into account 2 other #MRx behemoths. 10.1.15 RBDR http://ow.ly/SXjtU 
@Kantar
 @Nielsen",,,
2015-10-04T12:31:07.000Z,"Merger between 
@comScore
 & 
@Rentrak
 needs to take into account 2 other #MRx behemoths. 10.1.15 RBDR http://ow.ly/SXjtY 
@Kantar
 @Nielsen",,,
2015-10-03T22:40:08.000Z,ComScore and Rentrak Strike Merger Deal #reputation #reputation management #appsdeveloper http://webogi.com/6K5.hM,,,
2015-10-03T22:04:06.000Z,"(VIDEO) Irwin Gotlieb on comScore + Rentrak Merger: ""It's Time for an Alternative Approach"": http://jo.tt/9DdvVSYow7E #news",,,
2015-10-03T04:11:58.000Z,Huff Supports Rentrak / comScore Merger https://lnkd.in/etwy7F8,,,
2015-10-03T03:56:24.000Z,ComScore’s CEO On What The Rentrak Merger Means https://lnkd.in/ebm47KJ,,,
2015-10-02T21:26:07.000Z,"Take a peek at the 10/5 cover, feat. story on the 
@Rentrak
 / 
@comScore
 merger http://bit.ly/13vBOC",,1,
2015-10-02T20:32:28.000Z,"Who's right? 
@adage
 says media/marketing biz doesn't care about 
@comScore
 @Rentrak
 merger, but 
@wsjCMO
 says media industry ""welcomes"" it",,,1
2015-10-02T19:18:26.000Z,A merger between comScore and Rentrak makes the news http://thevideoink.com/features/opinion/comscorerentrak-merger-ushers-rising-tide-audience-measurement/#.Vg7YfnYCEFU.twitter…,,,
2015-10-02T18:32:10.000Z,comScore + Rentrak. What does this merger mean for marketers? Learn more here: http://bit.ly/1OMur7M,,,
2015-10-02T17:00:07.000Z,"Irwin Gotlieb on the 
@comScore
 @Rentrak
 merger, via 
@Beet_TV
: http://beet.tv/2015/10/rentrak-2.html…",,1,2
2015-10-02T16:26:26.000Z,"+ #analytics comScore RT RossMartin1: The merger of Rentrak + comScore ""paves the way for innovation in cross platform measurement"" - Colle…",,,
2015-10-02T15:57:01.000Z,ComScore - Investment Remains Risky Despite Strategically Sound Merger With Rentrak http://seekingalpha.com/article/3545626-comscore-investment-remains-risky-despite-strategically-sound-merger-with-rentrak?source=feed_f… $GOOG #GOOGLE $NLSN $RENT,,,
2015-10-02T15:49:05.000Z,"The merger of 
@Rentrak
 + 
@comScore
 ""paves the way for innovation in cross platform measurement"" - 
@ColleenFahyRush
 @Viacom
 #datascience",,5,2
2015-10-02T15:15:10.000Z,"This Week in Publishing: Social News App Nuzzel, ComScore-Rentrak Merger, Shift Away From Programmatic, and More http://ow.ly/SWiiO",,,
2015-10-02T14:33:00.000Z,"""ComScore and Rentrak announce merger"" 

http://research-live.com/news/comscore-and-rentrak-announce-merger/4013950.article… #mediaeng #feedly",,,
2015-10-02T12:40:10.000Z,"In #US, 
@comScore
 & 
@Rentrak
 to Merge, Creating Leading Cross-Platform #Measure-ment Company - http://ow.ly/SVONs | #merger 
@SergeMatta",,2,2
2015-10-02T12:25:13.000Z,"Beet Video: Irwin Gotlieb on 
@comScore
 + 
@Rentrak
 Merger 
@GroupMWorldwide
 http://huffingtonpost.com/andy-plesser/video-irwin-gotlieb-on-co_b_8230872.html… via 
@HuffPostMedia",,,
2015-10-02T09:01:22.000Z,"Merger agreement between 
@comScore
 & 
@Rentrak
 should consider 2 other #MRx behemoths. 10.1.15 RBDR http://ow.ly/SU3it 
@Kantar
 @Nielsen",,,
2015-10-02T09:01:22.000Z,"Merger agreement between 
@comScore
 & 
@Rentrak
 should consider 2 other #MRx behemoths. 10.1.15 RBDR http://ow.ly/SU3io 
@Kantar
 @Nielsen",,,
2015-10-02T09:01:22.000Z,"Merger agreement between 
@comScore
 & 
@Rentrak
 should consider 2 other #MRx behemoths. 10.1.15 RBDR http://ow.ly/SU3iq 
@Kantar
 @Nielsen",,,
2015-10-02T08:45:30.000Z,"Beyond obvious of 
@comScore
-
@Rentrak
 merger. 
@Twitter
 revised social service on way? 10.1.15 RBDR http://ow.ly/SU2ja SL7rv",,,
2015-10-02T08:45:30.000Z,"Beyond obvious of 
@comScore
-
@Rentrak
 merger. 
@Twitter
 revised social service on way? 10.1.15 RBDR http://ow.ly/SU2j9 SL7rv",,,
2015-10-02T08:45:30.000Z,"Beyond obvious of 
@comScore
-
@Rentrak
 merger. 
@Twitter
 revised social service on way? 10.1.15 RBDR http://ow.ly/SU2j7 SL7rv",,,
2015-10-02T08:35:37.000Z,(VIDEO) Irwin Gotlieb on comScore + Rentrak Merger: “It’s Time for an Alternative Approach” http://lasvegas.thedailydigest.org/2015/10/01/video-irwin-gotlieb-on-comscore-rentrak-merger-its-time-for-an-alternative-approach/…,,,
2015-10-02T07:52:49.000Z,(VIDEO) Irwin Gotlieb on comScore + Rentrak Merger: “It’s Time for an Alternative Approach” http://saltlake.thedailydigest.org/2015/10/01/video-irwin-gotlieb-on-comscore-rentrak-merger-its-time-for-an-alternative-approach/…,,,
2015-10-02T07:06:42.000Z,"(VIDEO) Irwin Gotlieb on comScore + Rentrak Merger: ""It's Time for an Alternative Approach"": The acquisition of… http://s.doyle.media/CKbLYx",,,
2015-10-02T07:01:07.000Z,"Merger agreement between 
@comScore
 & 
@Rentrak
 should consider 2 other #MRx behemoths. 10.1.15 RBDR http://ow.ly/SU3cQ 
@Kantar
 @Nielsen",,,
2015-10-02T07:01:07.000Z,"Merger agreement between 
@comScore
 & 
@Rentrak
 should consider 2 other #MRx behemoths. 10.1.15 RBDR http://ow.ly/SU3cM 
@Kantar
 @Nielsen",,,
2015-10-02T07:01:07.000Z,"Merger agreement between 
@comScore
 & 
@Rentrak
 should consider 2 other #MRx behemoths. 10.1.15 RBDR http://ow.ly/SU3cS 
@Kantar
 @Nielsen",,,
2015-10-02T06:49:11.000Z,"Media Update: (VIDEO) Irwin Gotlieb on comScore + Rentrak Merger: ""It's Time for an Alternative Approach"" http://ow.ly/34VEh3",,,
2015-10-02T06:45:27.000Z,"Beyond obvious of 
@comScore
-
@Rentrak
 merger. 
@Twitter
 revised social service on way? 10.1.15 RBDR http://ow.ly/SU2gZ SL7rv",,,
2015-10-02T06:45:27.000Z,"Beyond obvious of 
@comScore
-
@Rentrak
 merger. 
@Twitter
 revised social service on way? 10.1.15 RBDR http://ow.ly/SU2h5 SL7rv",,,
2015-10-02T06:45:27.000Z,"Beyond obvious of 
@comScore
-
@Rentrak
 merger. 
@Twitter
 revised social service on way? 10.1.15 RBDR http://ow.ly/SU2gX SL7rv",,,
2015-10-02T06:43:48.000Z,"#EJUpdate (VIDEO) Irwin Gotlieb on comScore + Rentrak Merger: ""It's Time for an Alternative A... http://huff.to/1iQ73ZC #EJMarketingFirm",,,
2015-10-02T06:43:47.000Z,"HuffingtonPost ▸ (VIDEO) Irwin Gotlieb on comScore + Rentrak Merger: ""It's Time for an Alternative Approach"" http://huff.to/1iQfMLn #media",,,
2015-10-02T06:32:48.000Z,(VIDEO) Irwin Gotlieb on comScore + Rentrak Merger: “It’s Time for an Alternative Approach” http://austin.thedailydigest.org/2015/10/01/video-irwin-gotlieb-on-comscore-rentrak-merger-its-time-for-an-alternative-approach/…,,,
2015-10-02T06:12:10.000Z,"(VIDEO) Irwin Gotlieb on comScore + Rentrak Merger: ""It's Time for an Alternative Approach"" http://dlvr.it/CKZV3K",,,
2015-10-02T05:56:02.000Z,"(VIDEO) Irwin Gotlieb on comScore + Rentrak Merger: ""It's Time for an Alternative Approach"" http://huff.to/1MMjAra",,,
2015-10-02T05:36:27.000Z,"(VIDEO) Irwin Gotlieb on comScore + Rentrak Merger: ""It's Time for an Alternative Approach… http://goo.gl/fb/LorAfw",,,
2015-10-02T05:21:14.000Z,"(VIDEO) Irwin Gotlieb on comScore + Rentrak Merger: ""It's Time for an Alternative Approach"": The acquisition o... http://huff.to/1iQ73ZC",,,
2015-10-02T05:19:30.000Z,"(VIDEO) Irwin Gotlieb on comScore + Rentrak Merger: ""It's Time for an Alternative Approach"" http://goo.gl/fb/r0Qufk",,,
2015-10-02T05:06:31.000Z,"(VIDEO) Irwin Gotlieb on comScore + Rentrak Merger: ""It's Time for an Alternative Approach"" http://goo.gl/rYAyHW",,,
2015-10-02T05:03:33.000Z,"(VIDEO) Irwin Gotlieb on comScore + Rentrak Merger: ""It's Time for an Alternative Approach"" - http://feeds2read.com/video-irwin-gotlieb-on-comscore-rentrak-merger-its-time-for-an-alternative-approach/…",,,
2015-10-02T05:00:55.000Z,"Merger agreement between 
@comScore
 & 
@Rentrak
 should consider 2 other #MRx behemoths. 10.1.15 RBDR http://ow.ly/SU39o 
@Kantar
 @Nielsen",,,
2015-10-02T05:00:55.000Z,"Merger agreement between 
@comScore
 & 
@Rentrak
 should consider 2 other #MRx behemoths. 10.1.15 RBDR http://ow.ly/SU39t 
@Kantar
 @Nielsen",,,
2015-10-02T05:00:55.000Z,"Merger agreement between 
@comScore
 & 
@Rentrak
 should consider 2 other #MRx behemoths. 10.1.15 RBDR http://ow.ly/SU39A 
@Kantar
 @Nielsen",,,
2015-10-02T04:48:32.000Z,"(VIDEO) Irwin Gotlieb on comScore + Rentrak Merger: ""It's Time for an Alternative Approach"" http://ow.ly/34VtC2",,,
2015-10-02T04:48:05.000Z,"#breakingnews #itsToddS #MeanBullCLE #MeanBull (VIDEO) Irwin Gotlieb on comScore + Rentrak Merger: ""It's Time for an Alternative Approach"" …",,,
2015-10-02T04:47:08.000Z,"(VIDEO) Irwin Gotlieb on comScore + Rentrak Merger: ""It's Time for an Alternative Approach"": The acquisition o... http://huff.to/1MMjAra",,,
2015-10-02T04:47:00.000Z,"(VIDEO) Irwin Gotlieb on comScore + Rentrak Merger: ""It's Time for an Alternative Approach"" http://huff.to/1MMjAra",,,
2015-10-02T04:42:01.000Z,"(VIDEO) Irwin Gotlieb on comScore + Rentrak Merger: ""It's Time for an Alternative Approach"" http://ift.tt/1KZ0nz0",,,
2015-10-02T04:41:25.000Z,"Huffington Post - (VIDEO) Irwin Gotlieb on comScore + Rentrak Merger: ""It's Time for an Alternative Approach"" http://feeds.huffingtonpost.com/c/35496/f/677045/s/4a56fc0e/sc/28/l/0L0Shuffingtonpost0N0Candy0Eplesser0Cvideo0Eirwin0Egotlieb0Eon0Eco0Ib0I8230A8720Bhtml/story01.htm…",,,
2015-10-02T04:39:07.000Z,"(VIDEO) Irwin Gotlieb on comScore + Rentrak Merger: ""It's Time for an Alternative Approach"" http://dlvr.it/CKYPwl",,,
2015-10-02T04:38:46.000Z,"(VIDEO) Irwin Gotlieb on comScore + Rentrak Merger: ""It's Time for an Alternative Approach"" http://lin.io/Dd9p #money #bullion #gold …",,,
2015-10-02T04:38:07.000Z,"(VIDEO) Irwin Gotlieb on comScore + Rentrak Merger: ""It's Time for an Alternative Approach"" http://dlvr.it/CKYNdn 
@MickeyBainbridg",,,
2015-10-02T04:38:06.000Z,"(VIDEO) Irwin Gotlieb on comScore + Rentrak Merger: ""It's Time for an Alternative Approach"" http://dlvr.it/CKYMPq 
@AubreyMason5",,,
2015-10-02T04:38:06.000Z,"(VIDEO) Irwin Gotlieb on comScore + Rentrak Merger: ""It's Time for an Alternative Approach"" http://dlvr.it/CKYP5v 
@AidenJackson01",,,
2015-10-02T04:38:05.000Z,"(VIDEO) Irwin Gotlieb on comScore + Rentrak Merger: ""It's Time for an Alternative Approach"" http://dlvr.it/CKYRPW 
@MiggyStPierre",,,
2015-10-02T04:36:32.000Z,"(VIDEO) Irwin Gotlieb on comScore + Rentrak Merger: ""It's Time for an Alternative Approach"" http://lin.io/Dd9p #money #dogecoin #bitc…",,,
2015-10-02T03:15:07.000Z,What does the comScore/Rentrak merger mean? http://bit.ly/1OH6nDo,,1,1
2015-10-02T03:01:06.000Z,ComScore and Rentrak announce merger | News | Research https://lnkd.in/bknfq6Y,,,
2015-10-02T03:00:54.000Z,"Merger agreement between 
@comScore
 & 
@Rentrak
 should consider 2 other #MRx behemoths. 10.1.15 RBDR http://ow.ly/SU34H 
@Kantar
 @Nielsen",,,
2015-10-02T03:00:53.000Z,"Merger agreement between 
@comScore
 & 
@Rentrak
 should consider 2 other #MRx behemoths. 10.1.15 RBDR http://ow.ly/SU34Q 
@Kantar
 @Nielsen",,,
2015-10-02T03:00:53.000Z,"Merger agreement between 
@comScore
 & 
@Rentrak
 should consider 2 other #MRx behemoths. 10.1.15 RBDR http://ow.ly/SU34M 
@Kantar
 @Nielsen",,,
2015-10-02T02:45:19.000Z,"Beyond obvious of 
@comScore
-
@Rentrak
 merger. 
@Twitter
 revised social service on way? 10.1.15 RBDR http://ow.ly/SU29Z SL7rv",,,
2015-10-02T02:45:19.000Z,"Beyond obvious of 
@comScore
-
@Rentrak
 merger. 
@Twitter
 revised social service on way? 10.1.15 RBDR http://ow.ly/SU2a0 SL7rv",,,
2015-10-02T02:45:18.000Z,"Beyond obvious of 
@comScore
-
@Rentrak
 merger. 
@Twitter
 revised social service on way? 10.1.15 RBDR http://ow.ly/SU29X SL7rv",,,
2015-10-02T01:05:06.000Z,A merger between comScore and Rentrak makes the news http://ow.ly/SUL6O,,,
2015-10-02T01:04:32.000Z,Why Nielsen Has Nothing to Fear From Rentrak-comScore Merger http://thestreet.com/story/13306499/1/why-nielsen-has-nothing-to-fear-from-rentrak-comscore-merger.html…,,,
2015-10-02T01:00:55.000Z,"Merger agreement between 
@comScore
 & 
@Rentrak
 should consider 2 other #MRx behemoths. 10.1.15 RBDR http://ow.ly/SU32r 
@Kantar
 @Nielsen",,,
2015-10-02T01:00:55.000Z,"Merger agreement between 
@comScore
 & 
@Rentrak
 should consider 2 other #MRx behemoths. 10.1.15 RBDR http://ow.ly/SU32v 
@Kantar
 @Nielsen",,,
2015-10-02T01:00:55.000Z,"Merger agreement between 
@comScore
 & 
@Rentrak
 should consider 2 other #MRx behemoths. 10.1.15 RBDR http://ow.ly/SU32p 
@Kantar
 @Nielsen",,,
2015-10-02T00:45:21.000Z,"Beyond obvious of 
@comScore
-
@Rentrak
 merger. 
@Twitter
 revised social service on way? 10.1.15 RBDR http://ow.ly/SU20s SL7rv",,,
2015-10-02T00:45:21.000Z,"Beyond obvious of 
@comScore
-
@Rentrak
 merger. 
@Twitter
 revised social service on way? 10.1.15 RBDR http://ow.ly/SU20w SL7rv",,,1
2015-10-02T00:45:21.000Z,"Beyond obvious of 
@comScore
-
@Rentrak
 merger. 
@Twitter
 revised social service on way? 10.1.15 RBDR http://ow.ly/SU20n SL7rv",,,
2015-10-01T23:00:56.000Z,"Merger agreement between 
@comScore
 & 
@Rentrak
 should consider 2 other #MRx behemoths. 10.1.15 RBDR http://ow.ly/STQDX 
@Kantar
 @Nielsen",,1,
2015-10-01T23:00:56.000Z,"Merger agreement between 
@comScore
 & 
@Rentrak
 should consider 2 other #MRx behemoths. 10.1.15 RBDR http://ow.ly/STQDX 
@Kantar
 @Nielsen",,,
2015-10-01T22:45:23.000Z,"Beyond obvious of 
@comScore
-
@Rentrak
 merger. 
@Twitter
 revised social service on way? 10.1.15 RBDR http://ow.ly/SU1R1 SL7rv",,,
2015-10-01T22:45:23.000Z,"Beyond obvious of 
@comScore
-
@Rentrak
 merger. 
@Twitter
 revised social service on way? 10.1.15 RBDR http://ow.ly/SU1QU SL7rv",,,
2015-10-01T22:45:23.000Z,"Beyond obvious of 
@comScore
-
@Rentrak
 merger. 
@Twitter
 revised social service on way? 10.1.15 RBDR http://ow.ly/SU1QV SL7rv",,,
2015-10-01T21:15:59.000Z,"ComScore to acquire Rentrak. Merger aims to address measurement concerns over digital viewing http://on.wsj.com/1O6jmhK via 
@WSJ",,,
2015-10-01T20:45:30.000Z,"Beyond obvious of 
@comScore
-
@Rentrak
 merger. 
@Twitter
 revised social service on way? 10.1.15 RBDR http://ow.ly/SU1Og SL7rv",,,
2015-10-01T20:45:30.000Z,"Beyond obvious of 
@comScore
-
@Rentrak
 merger. 
@Twitter
 revised social service on way? 10.1.15 RBDR http://ow.ly/SU1Ok SL7rv",,,
2015-10-01T20:45:30.000Z,"Beyond obvious of 
@comScore
-
@Rentrak
 merger. 
@Twitter
 revised social service on way? 10.1.15 RBDR http://ow.ly/SU1Oh SL7rv",,,
2015-10-01T20:30:10.000Z,ComScore's CEO comments on the merger with Rentrak:  http://bit.ly/1OH6nDo,,,
2015-10-01T20:23:17.000Z,"Replying to 
@Beet_TVRT 
@Beet_TV
 Irwin Gotlieb on 
@comScore
 @Rentrak
 Merger: “Time for an Alternative Approach”   http://beet.tv/2015/10/rentrak-2.html#.Vg08zKK1XNs.twitter… 
@GroupMWorldwide
 @WPP",,4,3
2015-10-01T19:00:42.000Z,"Merger agreement between 
@comScore
 & 
@Rentrak
 should consider 2 other #MRx behemoths. 10.1.15 RBDR http://ow.ly/STQDX 
@Kantar
 @Nielsen",,,
2015-10-01T18:45:17.000Z,"Beyond obvious of 
@comScore
-
@Rentrak
 merger. 
@Twitter
 revised social service on way? 10.1.15 RBDR http://ow.ly/SU1Mj SL7rv",,,
2015-10-01T18:45:17.000Z,"Beyond obvious of 
@comScore
-
@Rentrak
 merger. 
@Twitter
 revised social service on way? 10.1.15 RBDR http://ow.ly/SU1Mi SL7rv",,,
2015-10-01T18:45:17.000Z,"Beyond obvious of 
@comScore
-
@Rentrak
 merger. 
@Twitter
 revised social service on way? 10.1.15 RBDR http://ow.ly/SU1Ml SL7rv",,,
2015-10-01T18:17:01.000Z,ComScore/Rentrak Merger Ushers in a Rising Tide for Audience Measurement http://buff.ly/1RgDhZL,,,
2015-10-01T16:55:08.000Z,"Merger between 
@comScore
 & 
@Rentrak
 needs to take into account 2 other #MRx behemoths. 10.1.15 RBDR http://ow.ly/STR2u 
@Kantar
 @Nielsen",,,
2015-10-01T16:55:08.000Z,"Merger between 
@comScore
 & 
@Rentrak
 needs to take into account 2 other #MRx behemoths. 10.1.15 RBDR http://ow.ly/STR2s 
@Kantar
 @Nielsen",,,
2015-10-01T16:55:07.000Z,"Merger between 
@comScore
 & 
@Rentrak
 needs to take into account 2 other #MRx behemoths. 10.1.15 RBDR http://ow.ly/STR2n 
@Kantar
 @Nielsen",,,
2015-10-01T16:50:09.000Z,"Beyond obvious of 
@comScore
-
@Rentrak
 merger. 
@Twitter
 revised social service on way? 10.1.15 RBDR http://ow.ly/STQDX",,,
2015-10-01T16:50:08.000Z,"Beyond obvious of 
@comScore
-
@Rentrak
 merger. 
@Twitter
 revised social service on way? 10.1.15 RBDR http://ow.ly/STQIN",,,
2015-10-01T16:50:08.000Z,"Beyond obvious of 
@comScore
-
@Rentrak
 merger. 
@Twitter
 revised social service on way? 10.1.15 RBDR http://ow.ly/STQIO",,,
2015-10-01T16:39:25.000Z,Behind comScore-Rentrak merger. Twitter NP in works? (RBDR 10.1.2015) http://rflonline.com/2015/10/01/behind-comscore-rentrak-merger-twitter-np-in-works-rbdr-10-1-2015/…,,,
2015-10-01T16:36:08.000Z,"ComScore’s CEO On What The Rentrak Merger Means http://adexchanger.com/ad-exchange-news/comscores-ceo-on-what-the-rentrak-merger-means/… 
@AdExchanger",,,
2015-10-01T16:35:32.000Z,"Behind comScore-Rentrak merger. Twitter NP in works? (RBDR 10.1.2015): http://youtu.be/0Gu2Y-Fuhtc?a via 
@YouTube",,,
2015-10-01T16:30:49.000Z,Why Nielsen Has Nothing to Fear From Rentrak-comScore Merger http://fb.me/1XqXTpxNq,,,
2015-10-01T15:48:09.000Z,"Why Nielsen Has Nothing to Fear From Rentrak-comScore Merger http://thestreet.com/story/13306499/1/why-nielsen-has-nothing-to-fear-from-rentrak-comscore-merger.html… via 
@TheStreet",,,
2015-10-01T15:47:02.000Z,"ComScore’s CEO On What The Rentrak Merger Means http://adexchanger.com/ad-exchange-news/comscores-ceo-on-what-the-rentrak-merger-means/… 
@AdExchangerComScore’s CEO On What The Rentrak Merger Means
What the comScore-Rentrak merger holds for advertisers And agencies.
adexchanger.com",,,
2015-10-01T15:17:56.000Z,#comScore and #Rentrak merger shows the measurement #market will only get bigger #agencylife  http://buff.ly/1j39o3W,,,
2015-10-01T15:01:46.000Z,ComScore’s CEO On What The Rentrak Merger Means http://concurrentmedia.com/2015/10/01/comscores-ceo-on-what-the-rentrak-merger-means/…,,,
2015-10-01T14:20:42.000Z,Irwin Gotlieb on comScore + Rentrak Merger: “It’s Time for an Alternative Approach” http://bit.ly/1YR3Olt,,,
2015-10-01T14:14:18.000Z,ComScore/Rentrak Merger Ushers in a Rising Tide for Audience Measurement #video #analytics http://bit.ly/1FIVopO,,,
2015-10-01T14:12:53.000Z,Irwin Gotlieb on comScore + Rentrak Merger: “It’s Time for an Alternative Approach”: The acquisition of Rentra... http://bit.ly/1iObqUR,,,
2015-10-01T14:04:27.000Z,Irwin Gotlieb on comScore Rentrak Merger: “It’s Time for an Alternative Approach” http://ift.tt/1LSPP9v,,,
2015-10-01T14:03:47.000Z,"Beet Video: Irwin Gotlieb on 
@comScore
 @Rentrak
 Merger: “Time for an Alternative Approach”   http://beet.tv/2015/10/rentrak-2.html#.Vg08zKK1XNs.twitter… 
@GroupMWorldwide
 @WPPIrwin Gotlieb on comScore + Rentrak Merger: “It’s Time for an...
The acquisition of Rentrak by comScore represents ""an alternative"" approach to Nielsen, says Irwin Gotlieb, Chairman of GroupM, the media buying unit of WPP, in this i...
beet.tv",1,4,
2015-10-01T14:01:18.000Z,Irwin Gotlieb on comScore Rentrak Merger: “It’s Time for an Alternative Approach”: The acquisition of Rentrak ... http://ln.is/www.beet.tv/2015/10/UN5az…,,,
2015-10-01T13:49:18.000Z,"ComScore’s CEO On What The Rentrak Merger Means http://adexchanger.com/ad-exchange-news/comscores-ceo-on-what-the-rentrak-merger-means/… 
@AdExchanger",,,
2015-10-01T13:35:31.000Z,"CEO of comScore On What The Rentrak Merger Means http://ow.ly/ST1Ts via adexchanger

— Digital Content Next (DCNorg) October 1, 2015",,,
2015-10-01T13:25:06.000Z,"CEO of 
@comScore
 On What The Rentrak Merger Means http://ow.ly/ST1Ts via 
@adexchanger",,,
2015-10-01T13:08:51.000Z,The Comscore/Rentrak merger gives buyers much needed data and Nielsen much needed competition. https://lnkd.in/e5gacTm,,,
2015-10-01T12:31:52.000Z,ComScore’s CEO On What The Rentrak Merger Means https://lnkd.in/eKVfPkj,,,
2015-10-01T11:23:56.000Z,"So is ComScore 'buying' RenTrak 'acquiring' them or is it a merger? Does is matter?
http://goo.gl/u50G7l",,,
2015-10-01T11:01:03.000Z,ComScore’s CEO On What The Rentrak Merger Means #advertising #marketing http://goo.gl/6Ksdhz,,,
2015-10-01T10:33:59.000Z,researchlive: ComScore and Rentrak announce merger http://bit.ly/1hduB9N #marketresearch #mrx,,,
2015-10-01T10:25:47.000Z,researchlive: ComScore and Rentrak announce merger http://bit.ly/1hduB9N #marketresearch #mrx,,,
2015-10-01T10:24:52.000Z,ComScore and Rentrak announce merger http://bit.ly/1hduB9N #marketresearch #mrx,,,
2015-10-01T09:50:19.000Z,ComScore and Rentrak announce merger http://ift.tt/1JFsemS #mrx,,,
2015-10-01T08:30:41.000Z,ComScore’s CEO On What The Rentrak Merger Means http://adexchanger.com/ad-exchange-news/comscores-ceo-on-what-the-rentrak-merger-means/…,,,
2015-10-01T06:19:16.000Z,"Metrics merger sees comScore acquire Rentrak http://nyv.me/l/9k4e - via 
@MarketingEds
 @comScore
 @Rentrak",,,1
2015-10-01T04:01:17.000Z,"""ComScore and Rentrak Strike Merger Deal"" http://ift.tt/1YN0ibX",,,
2015-10-01T03:14:00.000Z,"""ComScore’s CEO On What The Rentrak Merger Means""  http://buff.ly/1Wzywxp #advertising #digitalmedia",,,
2015-10-01T01:05:33.000Z,ComScore’s CEO On What The Rentrak Merger Means http://ift.tt/1OH72Vj,,,
2015-10-01T01:00:28.000Z,RENTRAK MERGER INVESTIGATION ALERT – Andrews & Springer LLC is Seeking More Cash for Shareholders ... http://stockguru.com/2015/09/30/rentrak-merger-investigation-alert-andrews-springer-llc-is-seeking-more-cash-for-shareholders-of-rentrak-corporation/…,,,
2015-10-01T00:58:06.000Z,Get the scoop on comScore and Rentrak's newly announced merger: http://mklnd.com/1FF2iwE #digitalmarketing #marketing,,,1
2015-10-01T00:46:58.000Z,"Get the scoop on 
@comScore
 and 
@Rentrak
's newly announced merger: http://mklnd.com/1FF2iwE",,,
2015-10-01T00:44:07.000Z,"Get the scoop on 
@comScore
 and 
@Rentrak
's newly announced merger: http://mklnd.com/1FF2iwE",,1,2
2015-09-30T23:35:11.000Z,ComScore’s CEO On What The Rentrak Merger Means  http://adexchanger.com/ad-exchange-news/comscores-ceo-on-what-the-rentrak-merger-means/…,,,
2015-09-30T23:26:00.000Z,Huff Supports Rentrak / comScore Merger - http://military-technologies.net/2015/10/01/huff-supports-rentrak-comscore-merger/…,,,
2015-09-30T23:19:49.000Z,RENTRAK MERGER INVESTIGATION ALERT – Andrews & Springer LLC is Seeking More Cash for Shareholders of… http://onlinestockpro.com/2015/09/30/rentrak-merger-investigation-alert-andrews-springer-llc-is-seeking-more-cash-for-shareholders-of-rentrak-corporation/…,,,
2015-09-30T22:46:12.000Z,WPP's CEO welcomes ComScore-Rentrak merger #advertising http://ift.tt/1N2jsGX,,,
2015-09-30T22:41:05.000Z,RENTRAK MERGER INVESTIGATION ALERT – Andrews & Springer LLC is Seeking More Cash for Shareholders of… http://stockguru.com/2015/09/30/rentrak-merger-investigation-alert-andrews-springer-llc-is-seeking-more-cash-for-shareholders-of-rentrak-corporation/…,,,
2015-09-30T22:27:05.000Z,ComScore’s CEO On What The Rentrak Merger Means http://bit.ly/1OHeAY5,,,
2015-09-30T22:16:59.000Z,"My quick thoughts on today's 
@comScore
 + 
@Rentrak
 merger published on 
@TVREV
 ! #tv #video #bigdataQuote Tweet
TV[R]EV
@TVREV
 · Sep 30, 2015
Cuffing season is here & audience analytics companies are getting cozy! http://bit.ly/1Wz0s4K",,,3
2015-09-30T22:10:29.000Z,"monetizemore : New post: ""ComScore’s CEO On What The Rentrak Merger Means"" http://snip.ly/Ztco",,,
2015-09-30T22:09:26.000Z,"monetizemore : New post: ""ComScore’s CEO On What The Rentrak Merger Means"" http://snip.ly/Ztco #monetizemore",,,
2015-09-30T22:02:06.000Z,"monetizemore: New post: ""ComScore’s CEO On What The Rentrak Merger Means"" http://snip.ly/Ztco",,,
2015-09-30T21:58:38.000Z,"New post: ""ComScore’s CEO On What The Rentrak Merger Means"" http://snip.ly/Ztco",,,
2015-09-30T21:58:16.000Z,Exciting news for #digital #media #anyalytics as comScore and Rentrak announce merger agreement http://wsgr.to/1hbCAUC,,3,1
2015-09-30T21:57:01.000Z,"New post: ""ComScore’s CEO On What The Rentrak Merger Means"" http://snip.ly/Ztco",,,
2015-09-30T21:56:36.000Z,"New post: ""ComScore’s CEO On What The Rentrak Merger Means"" http://snip.ly/Ztco",,,
2015-09-30T21:43:14.000Z,ComScore’s CEO On What The Rentrak Merger Means http://ift.tt/1OH72Vj,,,
2015-09-30T21:40:26.000Z,ComScore’s CEO On What The Rentrak Merger Means http://ift.tt/1OH72Vj,,,
2015-09-30T21:40:03.000Z,"""ComScore’s CEO On What The Rentrak Merger Means"" #digital #feedly http://adexchanger.com/ad-exchange-news/comscores-ceo-on-what-the-rentrak-merger-means/…",,,
2015-09-30T21:31:34.000Z,ComScore’s CEO On What The Rentrak Merger Means http://dlvr.it/CJtRJC #adexchange #rtb,,,
2015-09-30T21:30:03.000Z,"AdExchanger Blog: ComScore’s CEO On What The Rentrak Merger Means: AdExchanger |
The merger of co... http://bit.ly/1KSKlX6 
@adexchanger",,,
2015-09-30T21:30:01.000Z,ComScore’s CEO On What The Rentrak Merger Means http://bit.ly/1KSKlX6,,,
2015-09-30T21:27:03.000Z,"Details on the 
@ComScore
/
@Rentrak
 merger, here: http://bit.ly/1Rg95hD",,,
2015-09-30T21:26:32.000Z,"ComScore’s CEO On What The Rentrak Merger Means http://bit.ly/1OH6nDo by 
@KellyLiyakasa",,1,2
2015-09-30T21:17:00.000Z,"Rentrak Corporation will be merged with comScore, Inc.,  #merger http://mna.im/?a=Lvl",,,
2015-09-30T21:15:30.000Z,"Perspective on the #Comcast + #Rentrak merger and what it means for #Nielsen: http://bit.ly/1Vrme84 
@brianwieser",,,
2015-09-30T20:04:30.000Z,WPP's CEO welcomes ComScore-Rentrak merger - MarketWatch http://goo.gl/fb/I3wPuz,,,
2015-09-30T20:00:07.000Z,"Measurement Firm 
@ComScore
 to Acquire 
@Rentrak
 http://buff.ly/1WxBany 
@WSJ
 Merger could unseat Nielsen as rating giants in disruptive world",,,
2015-09-30T19:53:29.000Z,(Many hoping for innovation in ratings space) --> ComScore and Rentrak Strike Merger Deal http://nyti.ms/1VpN4ND,,,
2015-09-30T19:30:44.000Z,ComScore and Rentrak Strike Merger Deal http://nyti.ms/1VpN4ND #advertising #marketing #business #media #lasvegas #nevada #NMC,,1,
2015-09-30T19:14:27.000Z,ComScore and Rentrak strike merger deal challenging longtime media measurement leader Nielsen http://nyti.ms/1VpN4ND,,,
2015-09-30T19:13:51.000Z,"Huff Supports Rentrak / comScore Merger – PR Newswire (press release) http://goo.gl/fb/KfU1xJ 
@my_classified",,,
2015-09-30T19:05:41.000Z,Huff Supports Rentrak / comScore Merger - http://satprnews.com/2015/09/30/huff-supports-rentrak-comscore-merger/…,,,
2015-09-30T19:05:12.000Z,WPP's CEO welcomes ComScore-Rentrak merger - MarketWatch http://goo.gl/fb/3BIJL9,,,
2015-09-30T18:47:03.000Z,ComScore and Rentrak Strike Merger Deal http://nyti.ms/1VpN4ND,,,
2015-09-30T18:44:22.000Z,ComScore and Rentrak Strike Merger Deal http://nyti.ms/1VpN4ND,,,
2015-09-30T18:31:32.000Z,"What the 
@Rentrak
 @Comscore
 merger means for Portland: More jobs? http://wweek.com/2015/09/29/portlands-resilient-rentrak-expects-more-portland-jobs-with-merger/…",,,
2015-09-30T18:08:51.000Z,ComScore and Rentrak Strike Merger Deal http://nyti.ms/1VpN4ND,,,
2015-09-30T18:05:02.000Z,WPP's CEO welcomes ComScore-Rentrak merger - MarketWatch http://goo.gl/fb/2A4DOa,,,
2015-09-30T17:44:07.000Z,#analytics Why Nielsen Has Nothing to Fear From Rentrak-comScore Merger: ... a flexible and trusted metric for... http://bit.ly/1jz7Oqv,,,
2015-09-30T17:14:19.000Z,Valuation comments after announcement of merger of comScore and Rentrak in All-Stock Deal: http://bloom.bg/1FBBRIa,,,
2015-09-30T17:10:25.000Z,ComScore and Rentrak Strike Merger Deal http://nyti.ms/1VpN4ND Evidence of the dramatically altered TV paradigm - online & on-demand rule.,,,
2015-09-30T17:08:35.000Z,comScore Post on why the Merger with Rentrak to create a bigger Cross-Platform Measurement Company: http://bit.ly/1GhwxEP,,,
2015-09-30T16:58:02.000Z,"The meaning of the Rentrak/comScore merger? Chris Wilson, Rentrak Pres of National TV, gives the scoop at the 
@CynopsisMedia
 TV Conference.",,2,1
2015-09-30T16:52:50.000Z,comScore & Rentrak Seek Merger to Better Joust with Nielsen on Measurement Fronts -- http://bit.ly/1YN8Qj8,,,
2015-09-30T16:40:27.000Z,Daily News Queue: Rentrak becomes subsidiary of comScore following merger #MRX http://conta.cc/1LPlFEi,,,
2015-09-30T16:40:10.000Z,ComScore and Rentrak Strike Merger Deal http://nyti.ms/1VpN4ND,,,
2015-09-30T16:40:09.000Z,Will the mighty Nielsen empire fall? ComScore and Rentrak Strike Merger Deal #ABASAL http://nyti.ms/1VpN4ND,1,2,
2015-09-30T16:28:31.000Z,"Jane Clark commends 
@comScore
 & 
@Rentrak
 merger as it brings competition into cross-platform audience measurement - http://bit.ly/1LPjRer",,,
2015-09-30T16:26:37.000Z,ComScore and Rentrak Strike Merger Deal http://nyti.ms/1VpN4ND,,,
2015-09-30T16:15:31.000Z,ComScore and Rentrak Strike Merger Deal http://nyti.ms/1VpN4ND,,,
2015-09-30T15:13:41.000Z,#Why Nielsen Has Nothing to Fear From Rentrak-comScore Merger- https://news.google.com,,,
2015-09-30T15:11:33.000Z,ComScore and Rentrak Strike Merger Deal http://nyti.ms/1VpN4ND #MnA,,,
2015-09-30T15:10:10.000Z,"@Rentrak
 & 
@comScore
 take the ADARA stage at 
@the_ARF
 #csuite mobilizes panel in midst of merger.  http://j.mp/1YOAR9R #AWXII #ARFatAW",,,
2015-09-30T14:59:31.000Z,"#ComScore and #Rentrak Strike #Merger Deal http://nyti.ms/1VpN4ND
Pressure on #Nielsen",,,
2015-09-30T14:55:13.000Z,"comScore (SCOR), Rentrak  (RENT) Enter Merger Agreement http://buff.ly/1O13agf",,,
2015-09-30T14:18:19.000Z,"Rentrak and comScore up 24% and 13%, respectively, on merger. But still -26% and flat, respectively, YTD. $RENT $SCOR http://on.wsj.com/1KL5oy3",,1,
2015-09-30T14:15:04.000Z,comScore and Rentrak announce merger | IP&TV News http://iptv-news.com/2015/09/comscore-and-rentrak-announce-merger/…,,,
2015-09-30T14:11:07.000Z,"#WPP common denominator in merger: 
@comScore
 & 
@Rentrak
 To Merge In Measurement Race Against $NLSN  http://bit.ly/1JCpWVi",,,
2015-09-30T14:09:07.000Z,Oppenheimer Remains Bullish on comScore $SCOR Following Announced Merger with Rentrak $RENT http://streetinsider.com/r/10932316,,,
2015-09-30T14:01:16.000Z,#telemarketing What The comScore-Rentrak Merger Means For Nielsen http://telemarketingbase.com/news/what-the-comscore-rentrak-merger-means-for-nielsen…,,,
2015-09-30T13:47:27.000Z,What The comScore-Rentrak Merger Means For Nielsen http://ift.tt/1GgVC2G,,,
2015-09-30T13:47:26.000Z,"Bob Peck: comScore-Rentrak Merger Has 'Strategic Merit,' Notes Combined Company 'Creates Stronger Competitor' http://ift.tt/1GgVC2A",,,
2015-09-30T13:45:40.000Z,"ComScore and Rentrak Strike Merger Deal http://ow.ly/SOPqt via 
@nytimes",,,
2015-09-30T13:37:17.000Z,What The comScore-Rentrak Merger Means For Nielsen http://dlvr.it/CJj8bV http://fb.me/suO0K2tG,,,
2015-09-30T13:34:03.000Z,More consolidation in media tech space. Stronger competition should be good. ComScore and Rentrak Strike Merger Deal http://nyti.ms/1VpN4ND,,,
2015-09-30T13:25:04.000Z,"What the comScore-Rentrak merger means for 
@Nielsen
 $NLSN $RENT $SCOR http://benzinga.com/z/5876179",,,
2015-09-30T13:11:15.000Z,ComScore and Rentrak Strike Merger Deal http://nyti.ms/1VpN4ND,,,
2015-09-30T12:49:23.000Z,"Hear Rentrak’s Chris Wilson on the comScore merger plus execs from 
@Twitter
, CBS and Havas at #CynopsisTVConference. http://ht.ly/SxdXM",,,
2015-09-30T12:45:19.000Z,Rentrak's merger with comScore changes the TV measurement equation http://ht.ly/SQ13e,,,
2015-09-30T12:42:55.000Z,"@Rentrak
 merger with 
@comScore
 makes things interesting in the digital measurement space http://comscore.com/Insights/Blog/comScore-and-Rentrak-to-Merge…",,,
2015-09-30T12:31:41.000Z,"Interesting merger between 
@rentrak
 and 
@comscore
 shaping up to be a strong competitor to Nielsen.  http://wsj.com/articles/measurement-firm-comscore-to-acquire-rentrak-1443557042… #mrx",,,
2015-09-30T12:16:21.000Z,"New #MR merger today - 
@comScore
 and 
@Rentrak
 combining A 
@Nielsen
 challenger? Perhaps Combined company at $400+ mil
http://on.wsj.com/1KRqzLJ",,1,
2015-09-30T12:06:04.000Z,"On heels of merger deal w/ 
@comScore
 ,
@Rentrak
 inks data deal w/Turner Broadcasting- via 
@MultiNews
 @MikeFCable
 http://multichannel.com/news/networks/rentrak-turner-reach-data-agreement/394180…",,,
2015-09-30T12:00:22.000Z,".
@Rentrak
 & 
@comScore
 ink merger deal.

http://indiantelevision.com/mam/marketing/rentrak-comscore-ink-merger-deal-150930…

#Media #Marketing #Business #News",,,
2015-09-30T11:35:22.000Z,Needham & Company Downgrades Rentrak $RENT to Buy Amid comScore Merger http://streetinsider.com/r/10931165,,,
2015-09-30T09:33:52.000Z,comScore and Rentrak announce merger: comScore and Rentrak Corporation have entered into a definitive me... http://bit.ly/1KR7A3Z #IPTV,,,
2015-09-30T09:07:32.000Z,comScore and Rentrak Corporation today announced that the companies have entered into a definitive merger agreement. http://cmsc.re/SOAl9,,,
2015-09-30T08:58:22.000Z,comScore and Rentrak announce merger http://goo.gl/4VYX5G #comscore #rentrak,,,
2015-09-30T08:43:12.000Z,ComScore and Rentrak Strike Merger Deal http://dlvr.it/CJYGRj #NYT #Business,,,
2015-09-30T08:20:20.000Z,"ComScore Inc., the Internet researcher, agreed to buy Rentrak Corp. in an all-stock merger valued at more than... http://fb.me/3qbqlFqTf",,,
2015-09-30T07:20:02.000Z,ComScore Inc. will buy Rentrak Corp. in a stock-for-stock merger that will make Rentrak a wholly-owned subsidiary... http://fb.me/4b4vhsXh4,,,
2015-09-30T06:26:16.000Z,Portland's Resilient Rentrak Expects More Portland Jobs with Merger #advertising http://ift.tt/1RffkC5,,,
2015-09-30T06:22:04.000Z,ComScore and Rentrak take aim at Nielsen: Media measurement merger may give Sorrell’s WPP a 19.9% stake http://dlvr.it/CJTdms,,,
2015-09-30T06:17:43.000Z,ComScore and Rentrak Strike Merger Deal http://nyti.ms/1VpN4ND,,,
2015-09-30T05:59:44.000Z,Portland's Resilient Rentrak Expects More Portland Jobs with Merger - Willamette Week: ZDNetPortland's Resilie... http://bit.ly/1VqOckg,,,
2015-09-30T05:38:34.000Z,Metrics merger sees comScore acquires Rentrak - Marketing Interactive http://bit.ly/1MFi7mt,,,
2015-09-30T05:28:11.000Z,ComScore and Rentrak take aim at Nielsen: Media measurement merger may give Sorrell’s WPP a 19.9% stake http://dlvr.it/CJT2Kn,,,
2015-09-30T05:07:47.000Z,"COMSCORE: the agreed to buy Rentrak in an all-stock merger valued at more than $800m, combining the 2 media-monitoring companies, overnight",,,
2015-09-30T05:03:03.000Z,Portland's Resilient Rentrak Expects More Portland Jobs with Merger - Willamette Week http://dlvr.it/CJSXvj,,,
2015-09-30T03:58:02.000Z,ComScore and Rentrak Strike Merger Deal - New York Times http://dlvr.it/CJRYK0,,,
2015-09-30T03:18:48.000Z,ComScore and Rentrak Strike Merger Deal: The two media measurement companies hope to challenge Nielsen in the ... http://nyti.ms/1MF8JPX,,,
2015-09-30T03:18:09.000Z,"@comScore
 merger w/ 
@Rentrak
 is most important media analytics combo since Adobe bought Omniture for more than 2x what SCOR paid for RENT",,,2
2015-09-30T03:04:38.000Z,Portland's Resilient Rentrak Expects More Portland Jobs with Merger: Portland's Resilient Rentrak Expe... http://bit.ly/1MF7MHm #merger,,,
2015-09-30T02:24:09.000Z,"ComScore and Rentrak take aim at Nielsen: Banketto actualités
Media measurement merger may give... http://bit.ly/1LNTw0g #bank #finance",,,
2015-09-30T02:07:41.000Z,ComScore and Rentrak take aim at Nielsen: Media measurement merger may give Sorrell’s WPP a 19.9% stake http://on.ft.com/1KQ82PV,,,
2015-09-30T02:05:23.000Z,ComScore and Rentrak Strike Merger Deal http://nyti.ms/1VpN4ND,,,
2015-09-30T01:40:16.000Z,".
@ComScore
, 
@Rentrak
 Chiefs Talk the 'Crisis of Measurement' That Drove Their Merger http://goo.gl/l7FIFf",,6,4
2015-09-30T01:24:31.000Z,"@comScore
 + 
@Rentrak
 merger to take on 
@Nielsen
 #audiencemeasurement #digitalmarketing #BigData #adweek http://nytimes.com/2015/09/30/business/media/comscore-and-rentrak-strike-merger-deal.html?_r=0…",,,
2015-09-30T01:09:36.000Z,"ComScore, the Internet researcher, agrees to buy Portland-based Rentrak in a merger valued at more than $800 million: http://buff.ly/1RePxKs",,3,3
2015-09-30T00:48:40.000Z,ComScore and Rentrak Strike Merger Deal: The two media measurement companies hope to challenge Niels... http://nyti.ms/1FBB8H9 #business,,,
2015-09-30T00:48:34.000Z,ComScore and Rentrak Strike Merger Deal: The two media measurement companies hope to challenge Nielsen in the ... http://nyti.ms/1FBB8H9,,,
2015-09-30T00:48:29.000Z,ComScore and Rentrak Strike Merger Deal: The two media measurement companies hope to challenge Nielsen in the ... http://nyti.ms/1FBB8H9,,,
2015-09-30T00:48:27.000Z,ComScore and Rentrak Strike Merger Deal: The two media measurement companies hope to challenge Nielsen in the ... http://nyti.ms/1FBB8H9,,,
2015-09-30T00:48:24.000Z,DTN Financial News: ComScore and Rentrak Strike Merger Deal: The two media measurement companies hope to chall... http://nyti.ms/1LNLmF3,,,
2015-09-30T00:45:33.000Z,"""ComScore and Rentrak Strike Merger Deal"" by EMILY STEEL via NYT http://ift.tt/1L2EnYg #innovation",,,
2015-09-30T00:44:06.000Z,ComScore and Rentrak take aim at Nielsen - Media measurement merger may give Sorrell’s WPP a 19.9% stake http://ow.ly/34PmmV,,,
2015-09-30T00:38:57.000Z,"""ComScore and Rentrak Strike Merger Deal"" by EMILY STEEL via NYT http://ift.tt/1L2EnYg http://ift.tt/12kWaPj #merger",,,
2015-09-30T00:30:20.000Z,ComScore and Rentrak Strike Merger Deal: The two media measurement companies hope to challenge Nielsen in the ... http://nyti.ms/1FBB8H9,,,
2015-09-30T00:30:17.000Z,ComScore and Rentrak Strike Merger Deal: The two media measurement companies hope to challenge Nielsen in the ... http://nyti.ms/1FBB8H9,,,
2015-09-30T00:30:16.000Z,ComScore and Rentrak Strike Merger Deal: The two media measurement companies hope to challenge Nielsen in the ... http://nyti.ms/1FCb4vp,,,
2015-09-30T00:30:14.000Z,ComScore and Rentrak Strike Merger Deal: The two media measurement companies hope to challenge Nielsen in the ... http://nyti.ms/1FCb4vp,,,
2015-09-30T00:27:19.000Z,ComScore and Rentrak Strike Merger Deal http://nyti.ms/1KJh6JE,,,
2015-09-30T00:23:49.000Z,#Finance #Europe ComScore and Rentrak take aim at Nielsen - Media measurement merger may give Sorrell’s WPP a 19.9... http://ow.ly/34Phdx,,,
2015-09-30T00:13:50.000Z,ComScore and Rentrak take aim at Nielsen - Media measurement merger may give Sorrell’s WPP a 19.9% stake http://ow.ly/34Pf1S,,,
2015-09-30T00:08:41.000Z,ComScore and Rentrak take aim at Nielsen - Media measurement merger may give Sorrell’s WPP a 19.9% stake http://ow.ly/34Pdv3,,,
2015-09-30T00:03:27.000Z,ToGovern: ComScore and Rentrak take aim at Nielsen: Media measurement merger may give Sorrell’s WPP a 19.9% stake http://on.ft.com/1FC2sF7 …,,,
2015-09-30T00:03:23.000Z,ComScore and Rentrak take aim at Nielsen - Media measurement merger may give Sorrell’s WPP a 19.9% stake http://ow.ly/34PbTH,,,
2015-09-29T23:49:56.000Z,RT chesterj1: Another Big Data merger--comScore+Rentrak.  More of our device info gathered for tracking/targeting. #Privacy  …,,,
2015-09-29T23:48:40.000Z,ComScore and Rentrak take aim at Nielsen: Media measurement merger may give Sorrell’s WPP a 19.9% stake http://on.ft.com/1LNFwnl,,,
2015-09-29T23:48:40.000Z,ComScore and Rentrak take aim at Nielsen: Media measurement merger may give Sorrell’s WPP a 19.9% stake http://on.ft.com/1METfLE,,,
2015-09-29T23:48:37.000Z,"ComScore and Rentrak take aim at Nielsen: Media measurement merger may give Sorrell’s WPP a 19.9% stake http://on.ft.com/1FC2sF7 via 
@ft",,,
2015-09-29T23:48:36.000Z,ComScore and Rentrak take aim at Nielsen: Media measurement merger may give Sorrell’s WPP a 19.9% stake http://on.ft.com/1KQ82PV,,,
2015-09-29T23:48:35.000Z,ComScore and Rentrak take aim at Nielsen: Media measurement merger may give Sorrell’s WPP a 19.9% stake http://on.ft.com/1KQ82PV,,,
2015-09-29T23:48:33.000Z,#world ComScore and Rentrak take aim at Nielsen: Media measurement merger may give Sorrell’s WPP a 19.9% stake http://jp86.co.vu/5QSa,,,
2015-09-29T23:48:33.000Z,#world ComScore and Rentrak take aim at Nielsen: Media measurement merger may give Sorrell’s WPP a 19.9% stake http://jp86.co.vu/5QSb,,,
2015-09-29T23:48:32.000Z,ComScore and Rentrak take aim at Nielsen: Media measurement merger may give Sorrell’s WPP a 19.9% stake http://on.ft.com/1h8I1nh,,,
2015-09-29T23:48:31.000Z,ComScore and Rentrak take aim at Nielsen: Media measurement merger may give Sorrell’s WPP a 19.9% stake http://on.ft.com/1KQ82PV,,,
2015-09-29T23:47:45.000Z,ComScore and Rentrak take aim at Nielsen: Media measurement merger may give Sorrell’s WPP a 19.9% stake http://on.ft.com/1KQ82PV,,,
2015-09-29T23:47:44.000Z,DTN Financial: ComScore and Rentrak take aim at Nielsen: Media measurement merger may give Sorrell’s WPP a 19.... http://on.ft.com/1MZf6Ay,,,
2015-09-29T23:46:30.000Z,comScore and Rentrak merger. I think it is a game changer regarding the Nielsen monopoly. Do you agree? http://adexchanger.com/investment/comscore-and-rentrak-to-merge-to-rival-nielsen-in-measurement/…,,1,
2015-09-29T23:16:21.000Z,ComScore and Rentrak take aim at Nielsen: Media measurement merger may give Sorrell’s WPP a 19.9% stake http://on.ft.com/1iJulAi,,,
2015-09-29T23:16:20.000Z,"ComScore and Rentrak take aim at Nielsen: Media measurement merger may give Sorrell’s WPP a 19.9% stake http://on.ft.com/1iJunIt Via 
@FT",,,
2015-09-29T23:16:20.000Z,ComScore and Rentrak take aim at Nielsen: Media measurement merger may give Sorrell’s WPP a 19.9% stake http://on.ft.com/1iJunIw,,,
2015-09-29T23:16:19.000Z,ComScore and Rentrak take aim at Nielsen: Media measurement merger may give Sorrell’s WPP a 19.9% stake http://on.ft.com/1jwdK3D,,,
2015-09-29T23:16:18.000Z,ComScore and Rentrak take aim at Nielsen - Media measurement merger may give Sorrell’s WPP a 19.9% stake http://ow.ly/34P7fu,,,
2015-09-29T23:16:16.000Z,(Financial Times) ComScore and Rentrak take aim at Nielsen: Media measurement merger may give Sorrell’s WPP a ... http://on.ft.com/1iJunIt,,,
2015-09-29T23:16:13.000Z,Financial Times: ComScore and Rentrak take aim at Nielsen: Media measurement merger may g... http://on.ft.com/1jwdKk0 Greed Our Soul a bit,,,
2015-09-29T23:13:25.000Z,"ComScore and Rentrak Strike Merger Deal: Two media measurement companies, comScore and Rentrak, on Tue... http://bit.ly/1h8DvVN #merger",,,
2015-09-29T23:04:26.000Z,ComScore and Rentrak Strike Merger Deal http://ift.tt/1M074ld,,,
2015-09-29T23:03:43.000Z,"A combined 
@comScore
 and 
@Rentrak
 to unveil new cross-platform currency after merger, say top execs http://variety.com/2015/digital/news/comscore-rentrak-media-measurement-1201605333/… via 
@Variety",,,1
2015-09-29T22:59:39.000Z,ComScore and Rentrak Strike Merger Deal http://rss.nytimes.com/c/34625/f/640316/s/4a43ec24/sc/7/l/0L0Snytimes0N0C20A150C0A90C30A0Cbusiness0Cmedia0Ccomscore0Eand0Erentrak0Estrike0Emerger0Edeal0Bhtml0Dpartner0Frss0Gemc0Frss/story01.htm…,,,
2015-09-29T22:30:03.000Z,"ComScore and Rentrak strike a mergerComScore and Rentrak Strike Merger Deal (Published 2015)
The two media measurement companies hope to challenge Nielsen in the ratings business.
nytimes.com",,1,1
2015-09-29T22:22:11.000Z,Rentrak's new merger with comScore puts them in position to compete w/ Nielsen http://ow.ly/SORFF,,,
2015-09-29T22:19:11.000Z,"Big news today: 
@comScore
 and 
@Rentrak
 Strike Merger Deal http://nyti.ms/1VpN4ND",,1,
2015-09-29T22:14:12.000Z,"Congratulations 
@ComScore
 & 
@Rentrak
 - measurement merger in bid to take on #1 player Nielsen http://on.wsj.com/1O6jmhK via 
@WSJMeasurement Firm ComScore to Acquire Rentrak
Measurement firm comScore agreed to acquire rival Rentrak, in a bid to take on No. 1 player Nielsen. The industry is racing to come up with better ways to track media consumption across TV and...
wsj.com",,,1
2015-09-29T22:11:48.000Z,"As a veteran of the 
@Nielsen
 /Arbitron merger, it will be fun watching the 
@FTC
 and 
@FCC
 review the 
@comscore
 and 
@rentrak
 merger.",,1,
2015-09-29T22:06:50.000Z,$RENT: Rentrak will merge into subsidiary of comScore (SCOR) in stock-for-stock merger; each share of Rentrak will... http://bit.ly/1Gfe9wf,,,
2015-09-29T22:03:05.000Z,SocialBusines11: ComScore and Rentrak Strike Merger Deal: The two media measurement companies hope to challenge Ni… http://nyti.ms/1MEFTPC,,,
2015-09-29T21:59:57.000Z,ComScore and Rentrak Strike Merger Deal: The two media measurement companies hope to challenge Nielsen in the ... http://nyti.ms/1MEFTPC,,,
2015-09-29T21:52:34.000Z,ComScore and Rentrak Strike Merger Deal http://dlvr.it/CJLLYh,,,
2015-09-29T21:46:32.000Z,ComScore and Rentrak Strike Merger Deal - New York Times http://dlvr.it/CJLKBL,,,
2015-09-29T21:39:33.000Z,"ComScore and Rentrak Strike Merger Deal http://seriouslymedia.com/2015/09/29/13/27/53/comscore-and-rentrak-strike-merger-deal/?utm_medium=feed&utm_source=twitter.com&utm_campaign=Feed%3A+seriouslymedia… 

http://s.erious.ly",,,
2015-09-29T21:26:30.000Z,ComScore and Rentrak Strike Merger Deal: The two media measurement companies hope to challenge Nielsen in the ... http://nyti.ms/1MEFSev,,,
2015-09-29T21:24:55.000Z,Another Big Data merger--comScore+Rentrak.  More of our device info gathered for tracking/targeting. #Privacy  http://bit.ly/1WwlzVh,,,1
2015-09-29T21:24:39.000Z,Another Big Data merger--comScore+Rentrak.  More of our device info gathered for tracking/targeting. #Privacy  http://bit.ly/1WwlzVh,,1,1
2015-09-29T21:20:15.000Z,World of cross-platform audience #measurement takes major step forward as Rentrak & comScore announce #merger  http://ow.ly/SOLDY,,1,
2015-09-29T21:19:34.000Z,New: ComScore and Rentrak Strike Merger Deal http://ift.tt/1OEMlJu,,,
2015-09-29T21:17:10.000Z,ComScore and Rentrak Strike Merger Deal: The two media measurement companies hope to ch... http://nyti.ms/1FBB8H9 http://bit.ly/12Ssj3k,,,
2015-09-29T21:16:13.000Z,ComScore and Rentrak Strike Merger Deal http://dlvr.it/CJKp0h,,,
2015-09-29T21:13:56.000Z,ComScore and Rentrak Strike Merger Deal http://ift.tt/1OEMlJu,,,
2015-09-29T21:13:38.000Z,ComScore and Rentrak Strike Merger Deal http://ift.tt/1OEPhGa,,,
2015-09-29T21:13:13.000Z,"Waddya know, a much-anticipated merger. Media measurement wars: #ComScore will acquire #Rentrak to take on #1 Nielsen http://on.wsj.com/1O6jmhK",,,
2015-09-29T21:10:24.000Z,ComScore and Rentrak Strike Merger Deal http://ift.tt/1OEPhGa,,,
2015-09-29T21:10:19.000Z,ComScore and Rentrak Strike Merger Deal http://ift.tt/1OEPhGa,,,
2015-09-29T21:10:03.000Z,ComScore and Rentrak Strike Merger Deal http://ift.tt/1OEPhGa,,,
2015-09-29T21:04:55.000Z,ComScore and Rentrak Strike Merger Deal https://planetnewsworld.wordpress.com/2015/09/29/comscore-and-rentrak-strike-merger-deal-2…,,,
2015-09-29T21:04:03.000Z,ComScore and Rentrak Strike Merger Deal http://dlvr.it/CJKgLC #newyorktimes,,,
2015-09-29T21:03:55.000Z,ComScore and Rentrak Strike Merger Deal http://nyti.ms/1VpN4ND,,,
2015-09-29T21:02:23.000Z,ComScore and Rentrak Strike Merger Deal http://nyti.ms/1FGrYsr #advertising #marketing,,,
2015-09-29T21:01:40.000Z,ComScore and Rentrak Strike Merger Deal http://nyti.ms/1VpN4ND,,,
2015-09-29T21:01:07.000Z,ComScore and Rentrak Strike Merger Deal http://ift.tt/1YN0ibX,,,
2015-09-29T21:01:04.000Z,ComScore and Rentrak Strike Merger Deal - The two media measurement companies hope to challenge Nielsen in the rat... http://ow.ly/34OPoJ,,,
2015-09-29T20:59:55.000Z,"More huge merger news involving a Portland company. This time, 
@Rentrak
 is merging with 
@comScore
. http://bizj.us/1jgamy $RENT $SCOR",,,
2015-09-29T20:58:08.000Z,"Merger Mania continues as 
@Rentrak
 and 
@comScore
 tie up to challenge 
@Nielsen
. http://adexchanger.com/investment/comscore-and-rentrak-to-merge-to-rival-nielsen-in-measurement…",,1,
2015-09-29T20:56:04.000Z,ComScore and Rentrak Strike Merger Deal - New York Times http://dlvr.it/CJKVtj,,,
2015-09-29T20:55:45.000Z,ComScore and Rentrak Strike Merger Deal http://ift.tt/1FGr13A,,,
2015-09-29T20:52:39.000Z,ComScore and Rentrak Strike Merger Deal http://ift.tt/1FGr13A,,,
2015-09-29T20:52:37.000Z,ComScore and Rentrak Strike Merger Deal http://ift.tt/1FGr13A,,,
2015-09-29T20:52:36.000Z,ComScore and Rentrak Strike Merger Deal http://ift.tt/1FGr13A,,,
2015-09-29T20:52:35.000Z,ComScore and Rentrak Strike Merger Deal http://nyti.ms/1KJh6JE,,,
2015-09-29T20:51:38.000Z,"ComScore and Rentrak Strike Merger DealComScore and Rentrak Strike Merger Deal (Published 2015)
The two media measurement companies hope to challenge Nielsen in the ratings business.
nytimes.com",,1,1
2015-09-29T20:49:22.000Z,ComScore and Rentrak Strike Merger Deal http://nyti.ms/1jvKlGH,,,
2015-09-29T20:48:34.000Z,comScore and Rentrak announce a stock-for-stock merger.,,1,1
2015-09-29T20:48:14.000Z,ComScore and Rentrak Strike Merger Deal https://planetnewsworld.wordpress.com/2015/09/29/comscore-and-rentrak-strike-merger-deal…,,,
2015-09-29T20:46:59.000Z,ComScore and Rentrak Strike Merger Deal http://goo.gl/Dkvozy #business #businessnews,,,
2015-09-29T20:45:59.000Z,Wow -- ComScore and Rentrak Strike Merger Deal - http://NYTimes.com http://mobile.nytimes.com/2015/09/30/business/media/comscore-and-rentrak-strike-merger-deal.html?emc=edit_tnt_20150929&nlid=66459217&tntemail0=y&referer=…,,,
2015-09-29T20:45:58.000Z,ComScore and Rentrak Strike Merger Deal https://jakemartcorp.wordpress.com/2015/09/29/comscore-and-rentrak-strike-merger-deal…,,,
2015-09-29T20:45:28.000Z,"ComScore, Rentrak To Merge: ComScore and Rentrak will combine in a stock-for-stock merger, the companies said ... http://bit.ly/1h8j6jK",,,
2015-09-29T20:44:34.000Z,ComScore and Rentrak Strike Merger Deal http://dlvr.it/CJKQ5X,,,
2015-09-29T20:43:20.000Z,ComScore and Rentrak Strike Merger Deal by EMILY STEEL http://ift.tt/1iJ9dKr,,,
2015-09-29T20:42:16.000Z,"""ComScore and Rentrak Strike Merger Deal"" by EMILY STEEL via NYT The New York Times http://ift.tt/1L2EnYg",,,
2015-09-29T20:41:44.000Z,"""ComScore and Rentrak Strike Merger Deal""The two media measurement companies hope to challenge Nielsen in the rati… http://nytimes.com/2015/09/30/business/media/comscore-and-rentrak-strike-merger-deal.html…",,,
2015-09-29T20:41:42.000Z,ComScore and Rentrak Strike Merger Deal http://ift.tt/1OEMlJu #Nytimes,,,
2015-09-29T20:41:39.000Z,"""ComScore and Rentrak Strike Merger Deal"" by EMILY STEEL via NYT http://ift.tt/1L2EnYg",,,
2015-09-29T20:41:23.000Z,"""ComScore and Rentrak Strike Merger Deal"" by EMILY STEEL via NYT http://ift.tt/1L2EnYg",,,
2015-09-29T20:41:23.000Z,"""ComScore and Rentrak Strike Merger Deal"" by EMILY STEEL via NYT http://ift.tt/1L2EnYg #sandiego #ceo",,,
2015-09-29T20:40:09.000Z,"""ComScore and Rentrak Strike Merger Deal"" by EMILY STEEL via NYT http://ift.tt/1L2EnYg",,,
2015-09-29T20:39:59.000Z,"""ComScore and Rentrak Strike Merger Deal"" by EMILY STEEL via NYT http://ift.tt/1L2EnYg",,,
2015-09-29T20:39:29.000Z,"""ComScore and Rentrak Strike Merger Deal"" by EMILY STEEL via NYT The New York Times http://ift.tt/1L2EnYg",,,
2015-09-29T20:39:22.000Z,"#news #breakingnews #live
ComScore and Rentrak Strike Merger Deal - http://goo.gl/V9N3on",,,
2015-09-29T20:38:34.000Z,ComScore and Rentrak Strike Merger Deal http://dlvr.it/CJKCN8,,,
2015-09-29T20:38:30.000Z,"""ComScore and Rentrak Strike Merger Deal"" by EMILY STEEL via NYT http://ift.tt/1L2EnYg",,,
2015-09-29T20:37:37.000Z,ComScore and Rentrak Strike Merger Deal http://nytimes.com/2015/09/30/business/media/comscore-and-rentrak-strike-merger-deal.html…,,,
2015-09-29T20:37:29.000Z,"ComScore and Rentrak Strike Merger DealComScore and Rentrak Strike Merger Deal (Published 2015)
The two media measurement companies hope to challenge Nielsen in the ratings business.
nytimes.com",,,
2015-09-29T20:37:16.000Z,#business #businessdevelopment #news #money #startup #sales #marketing ComScore and Rentrak Strike Merger Deal by … http://ift.tt/1FBt7ly,,,
2015-09-29T20:36:56.000Z,"Just came in - ""ComScore and Rentrak Strike Merger Deal"" by EMILY STEEL via NewYorkTimes http://ift.tt/1L2EnYg #business #startup #entre…",,,
2015-09-29T20:36:54.000Z,"#FinTech ""ComScore and Rentrak Strike Merger Deal"" by EMILY STEEL via NYT The New York Times http://ift.tt/1L2EnYg",,,
2015-09-29T20:36:16.000Z,"""ComScore and Rentrak Strike Merger Deal"" by EMILY STEEL via NYT http://ift.tt/1L2EnYg",,,
2015-09-29T20:36:15.000Z,"""ComScore and Rentrak Strike Merger Deal"" by EMILY STEEL via NYT http://ift.tt/1L2EnYg",,,
2015-09-29T20:32:55.000Z,"""ComScore and Rentrak Strike Merger Deal"" by EMILY STEEL http://ift.tt/1L2EnYg",,,
2015-09-29T20:32:54.000Z,"""ComScore and Rentrak Strike Merger Deal"" by EMILY STEEL via NYT http://ift.tt/1L2EnYg http://fb.me/3xbB757Rf",,,
2015-09-29T20:32:52.000Z,"""ComScore and Rentrak Strike Merger Deal"" by EMILY STEEL via NYT http://ift.tt/1L2EnYg",,,
2015-09-29T20:32:34.000Z,"""ComScore and Rentrak Strike Merger Deal"" by EMILY STEEL via NYT http://ift.tt/1L2EnYg",,,
2015-09-29T20:31:24.000Z,"""ComScore and Rentrak Strike Merger Deal"" by EMILY STEEL via NYT http://ift.tt/1L2EnYg",,,
2015-09-29T20:30:42.000Z,"""ComScore and Rentrak Strike Merger Deal"" by EMILY STEEL via NYT The New York Times http://ift.tt/1L2EnYg",,,
2015-09-29T20:30:35.000Z,ComScore and Rentrak Strike Merger Deal http://fb.me/2k4EvlCxj,,,
2015-09-29T20:30:12.000Z,"""ComScore and Rentrak Strike Merger Deal"" by EMILY STEEL via NYT http://ift.tt/1L2EnYg",,,
2015-09-29T20:30:08.000Z,ComScore and Rentrak Strike Merger Deal - http://is.gd/uz3nD3 - #businessday,,,
2015-09-29T20:29:10.000Z,"""ComScore and Rentrak Strike Merger Deal"" #LoveMarriottRewards #RENhotels #autograph #MRpoints",,,
2015-09-29T20:28:49.000Z,ComScore and Rentrak Strike Merger Deal by EMILY STEEL http://enathanael.com/2015/09/29/comscore-and-rentrak-strike-merger-deal-by-emily-steel…,,,
2015-09-29T20:24:28.000Z,Comscore + Rentrak merger creates a new force to compete with Nielsen. Deal valued at about $732 million.,,4,4
2015-09-29T20:08:33.000Z,"comScore $SCOR, Rentrak $RENT Enter Merger Agreement $$ http://dlvr.it/CJJqDj ~ via 
@AlertTrade",,,
2015-09-29T20:05:32.000Z,"comScore $SCOR, Rentrak $RENT Enter Merger Agreement $$ http://stks.co/g3Byd",,1,1
